TIMESTAMP,PRICE
2014-01-01,295.80
2014-01-02,306.03
2014-01-03,345.14
2014-01-04,390.58
2014-01-05,344.09
2014-01-06,372.29
2014-01-07,342.25
2014-01-08,296.53
2014-01-09,271.91
2014-01-10,261.06
2014-01-11,270.41
2014-01-12,283.87
2014-01-13,278.57
2014-01-14,305.73
2014-01-15,291.02
2014-01-16,275.60
2014-01-17,254.86
2014-01-18,255.30
2014-01-19,246.16
2014-01-20,255.06
2014-01-21,292.34
2014-01-22,310.21
2014-01-23,323.07
2014-01-24,336.27
2014-01-25,295.80
2014-01-26,263.94
2014-01-27,255.27
2014-01-28,274.56
2014-01-29,292.78
2014-01-30,272.94
2014-01-31,271.07
2014-02-01,300.36
2014-02-02,308.80
2014-02-03,302.91
2014-02-04,326.21
2014-02-05,354.30
2014-02-06,350.57
2014-02-07,346.88
2014-02-08,317.71
2014-02-09,353.59
2014-02-10,333.32
2014-02-11,286.82
2014-02-12,260.40
2014-02-13,258.76
2014-02-14,225.35
2014-02-15,255.09
2014-02-16,223.31
2014-02-17,229.44
2014-02-18,248.41
2014-02-19,282.56
2014-02-20,252.94
2014-02-21,261.76
2014-02-22,233.99
2014-02-23,237.84
2014-02-24,221.38
2014-02-25,218.73
2014-02-26,226.15
2014-02-27,237.61
2014-02-28,227.59
2014-03-01,230.11
2014-03-02,239.66
2014-03-03,263.80
2014-03-04,293.36
2014-03-05,263.32
2014-03-06,298.89
2014-03-07,309.50
2014-03-08,286.79
2014-03-09,292.17
2014-03-10,268.97
2014-03-11,277.70
2014-03-12,305.26
2014-03-13,261.40
2014-03-14,264.19
2014-03-15,274.93
2014-03-16,263.09
2014-03-17,242.48
2014-03-18,212.92
2014-03-19,221.34
2014-03-20,253.55
2014-03-21,261.18
2014-03-22,281.96
2014-03-23,271.06
2014-03-24,265.26
2014-03-25,294.38
2014-03-26,275.09
2014-03-27,307.38
2014-03-28,310.90
2014-03-29,326.26
2014-03-30,371.63
2014-03-31,378.88
2014-04-01,397.03
2014-04-02,401.33
2014-04-03,386.32
2014-04-04,408.81
2014-04-05,368.40
2014-04-06,419.08
2014-04-07,377.26
2014-04-08,432.14
2014-04-09,471.53
2014-04-10,519.31
2014-04-11,541.28
2014-04-12,479.01
2014-04-13,487.48
2014-04-14,478.94
2014-04-15,527.07
2014-04-16,533.52
2014-04-17,600.00
2014-04-18,561.37
2014-04-19,585.89
2014-04-20,600.00
2014-04-21,600.00
2014-04-22,599.26
2014-04-23,600.00
2014-04-24,559.78
2014-04-25,562.76
2014-04-26,563.53
2014-04-27,479.98
2014-04-28,523.38
2014-04-29,473.68
2014-04-30,514.87
2014-05-01,553.31
2014-05-02,532.28
2014-05-03,600.00
2014-05-04,514.40
2014-05-05,526.85
2014-05-06,544.60
2014-05-07,534.04
2014-05-08,584.31
2014-05-09,600.00
2014-05-10,600.00
2014-05-11,600.00
2014-05-12,510.14
2014-05-13,515.10
2014-05-14,440.58
2014-05-15,418.60
2014-05-16,417.47
2014-05-17,362.35
2014-05-18,340.51
2014-05-19,362.45
2014-05-20,323.71
2014-05-21,356.49
2014-05-22,374.72
2014-05-23,342.61
2014-05-24,359.75
2014-05-25,309.32
2014-05-26,263.16
2014-05-27,278.13
2014-05-28,284.51
2014-05-29,256.67
2014-05-30,225.21
2014-05-31,234.38
2014-06-01,208.40
2014-06-02,221.23
2014-06-03,204.27
2014-06-04,231.42
2014-06-05,214.40
2014-06-06,241.41
2014-06-07,261.54
2014-06-08,242.50
2014-06-09,240.15
2014-06-10,265.45
2014-06-11,247.16
2014-06-12,238.12
2014-06-13,253.06
2014-06-14,244.67
2014-06-15,252.09
2014-06-16,250.19
2014-06-17,216.65
2014-06-18,223.09
2014-06-19,214.03
2014-06-20,218.22
2014-06-21,200.00
2014-06-22,200.00
2014-06-23,200.00
2014-06-24,205.58
2014-06-25,200.00
2014-06-26,200.00
2014-06-27,200.00
2014-06-28,209.31
2014-06-29,200.00
2014-06-30,200.00
2014-07-01,200.00
2014-07-02,200.00
2014-07-03,200.00
2014-07-04,216.11
2014-07-05,200.00
2014-07-06,209.36
2014-07-07,221.55
2014-07-08,232.99
2014-07-09,266.78
2014-07-10,245.46
2014-07-11,266.65
2014-07-12,265.85
2014-07-13,295.63
2014-07-14,331.11
2014-07-15,361.88
2014-07-16,319.16
2014-07-17,296.67
2014-07-18,255.02
2014-07-19,221.70
2014-07-20,203.89
2014-07-21,218.28
2014-07-22,228.49
2014-07-23,221.15
2014-07-24,206.73
2014-07-25,225.96
2014-07-26,200.00
2014-07-27,205.21
2014-07-28,200.00
2014-07-29,200.00
2014-07-30,200.00
2014-07-31,202.53
2014-08-01,200.00
2014-08-02,224.93
2014-08-03,216.89
2014-08-04,200.00
2014-08-05,208.94
2014-08-06,200.00
2014-08-07,215.29
2014-08-08,216.75
2014-08-09,217.31
2014-08-10,200.07
2014-08-11,227.66
2014-08-12,223.60
2014-08-13,257.00
2014-08-14,256.91
2014-08-15,237.33
2014-08-16,218.86
2014-08-17,200.41
2014-08-18,200.00
2014-08-19,200.00
2014-08-20,217.58
2014-08-21,200.00
2014-08-22,200.00
2014-08-23,200.00
2014-08-24,228.88
2014-08-25,249.82
2014-08-26,236.75
2014-08-27,236.50
2014-08-28,269.08
2014-08-29,306.95
2014-08-30,271.88
2014-08-31,310.99
2014-09-01,267.10
2014-09-02,272.71
2014-09-03,290.35
2014-09-04,330.45
2014-09-05,290.31
2014-09-06,306.14
2014-09-07,328.55
2014-09-08,338.81
2014-09-09,360.90
2014-09-10,332.58
2014-09-11,368.28
2014-09-12,382.46
2014-09-13,361.99
2014-09-14,413.24
2014-09-15,440.00
2014-09-16,417.76
2014-09-17,390.29
2014-09-18,390.01
2014-09-19,418.44
2014-09-20,407.58
2014-09-21,413.90
2014-09-22,386.02
2014-09-23,421.51
2014-09-24,452.84
2014-09-25,394.69
2014-09-26,431.22
2014-09-27,440.04
2014-09-28,431.03
2014-09-29,455.76
2014-09-30,482.92
2014-10-01,467.11
2014-10-02,457.47
2014-10-03,522.12
2014-10-04,476.10
2014-10-05,434.79
2014-10-06,478.90
2014-10-07,529.11
2014-10-08,505.45
2014-10-09,563.76
2014-10-10,503.27
2014-10-11,549.69
2014-10-12,600.00
2014-10-13,600.00
2014-10-14,510.66
2014-10-15,463.15
2014-10-16,408.63
2014-10-17,415.72
2014-10-18,428.86
2014-10-19,479.91
2014-10-20,504.53
2014-10-21,488.98
2014-10-22,535.92
2014-10-23,539.96
2014-10-24,459.82
2014-10-25,478.26
2014-10-26,477.66
2014-10-27,477.44
2014-10-28,504.43
2014-10-29,455.79
2014-10-30,491.42
2014-10-31,438.26
2014-11-01,449.34
2014-11-02,465.09
2014-11-03,439.93
2014-11-04,505.28
2014-11-05,510.02
2014-11-06,537.62
2014-11-07,576.22
2014-11-08,540.79
2014-11-09,532.11
2014-11-10,600.00
2014-11-11,600.00
2014-11-12,599.24
2014-11-13,560.32
2014-11-14,589.72
2014-11-15,536.37
2014-11-16,600.00
2014-11-17,534.18
2014-11-18,585.89
2014-11-19,529.74
2014-11-20,510.57
2014-11-21,534.74
2014-11-22,538.41
2014-11-23,547.35
2014-11-24,532.12
2014-11-25,506.93
2014-11-26,511.72
2014-11-27,541.88
2014-11-28,527.25
2014-11-29,457.67
2014-11-30,444.24
2014-12-01,379.50
2014-12-02,380.05
2014-12-03,432.62
2014-12-04,473.31
2014-12-05,448.75
2014-12-06,477.46
2014-12-07,417.45
2014-12-08,391.49
2014-12-09,348.41
2014-12-10,366.62
2014-12-11,332.55
2014-12-12,338.42
2014-12-13,375.89
2014-12-14,378.16
2014-12-15,369.75
2014-12-16,369.60
2014-12-17,342.35
2014-12-18,369.53
2014-12-19,385.84
2014-12-20,349.74
2014-12-21,301.31
2014-12-22,271.22
2014-12-23,265.45
2014-12-24,266.70
2014-12-25,235.89
2014-12-26,200.89
2014-12-27,200.00
2014-12-28,200.00
2014-12-29,219.78
2014-12-30,217.27
2014-12-31,232.55
2015-01-01,229.50
2015-01-02,216.81
2015-01-03,201.44
2015-01-04,204.27
2015-01-05,232.72
2015-01-06,202.37
2015-01-07,210.71
2015-01-08,204.11
2015-01-09,217.39
2015-01-10,208.91
2015-01-11,233.11
2015-01-12,204.74
2015-01-13,227.52
2015-01-14,203.98
2015-01-15,208.39
2015-01-16,219.02
2015-01-17,200.00
2015-01-18,200.00
2015-01-19,218.53
2015-01-20,200.00
2015-01-21,200.00
2015-01-22,200.00
2015-01-23,227.29
2015-01-24,234.31
2015-01-25,216.88
2015-01-26,242.24
2015-01-27,265.85
2015-01-28,261.29
2015-01-29,228.50
2015-01-30,246.38
2015-01-31,219.74
2015-02-01,219.75
2015-02-02,223.58
2015-02-03,216.47
2015-02-04,200.37
2015-02-05,212.82
2015-02-06,242.33
2015-02-07,241.51
2015-02-08,259.63
2015-02-09,235.52
2015-02-10,226.71
2015-02-11,212.68
2015-02-12,200.00
2015-02-13,210.96
2015-02-14,204.50
2015-02-15,224.69
2015-02-16,256.16
2015-02-17,282.74
2015-02-18,258.36
2015-02-19,231.77
2015-02-20,247.31
2015-02-21,234.91
2015-02-22,258.59
2015-02-23,263.31
2015-02-24,249.82
2015-02-25,226.04
2015-02-26,237.55
2015-02-27,213.55
2015-02-28,208.10
2015-03-01,200.00
2015-03-02,200.00
2015-03-03,200.00
2015-03-04,202.87
2015-03-05,200.00
2015-03-06,220.61
2015-03-07,207.77
2015-03-08,200.00
2015-03-09,200.00
2015-03-10,229.21
2015-03-11,237.89
2015-03-12,249.72
2015-03-13,242.38
2015-03-14,238.78
2015-03-15,222.57
2015-03-16,200.00
2015-03-17,206.49
2015-03-18,200.00
2015-03-19,200.00
2015-03-20,200.00
2015-03-21,215.12
2015-03-22,200.00
2015-03-23,200.00
2015-03-24,200.00
2015-03-25,213.48
2015-03-26,218.43
2015-03-27,202.37
2015-03-28,222.22
2015-03-29,200.00
2015-03-30,221.82
2015-03-31,242.63
2015-04-01,214.75
2015-04-02,242.91
2015-04-03,250.84
2015-04-04,278.06
2015-04-05,308.51
2015-04-06,285.20
2015-04-07,261.31
2015-04-08,231.17
2015-04-09,208.07
2015-04-10,200.00
2015-04-11,200.00
2015-04-12,200.00
2015-04-13,207.07
2015-04-14,200.00
2015-04-15,206.42
2015-04-16,200.00
2015-04-17,200.00
2015-04-18,200.00
2015-04-19,200.00
2015-04-20,214.85
2015-04-21,226.13
2015-04-22,238.82
2015-04-23,208.31
2015-04-24,233.41
2015-04-25,200.38
2015-04-26,200.00
2015-04-27,200.00
2015-04-28,216.93
2015-04-29,200.00
2015-04-30,229.50
2015-05-01,213.24
2015-05-02,200.00
2015-05-03,200.00
2015-05-04,202.78
2015-05-05,208.00
2015-05-06,207.03
2015-05-07,227.34
2015-05-08,200.00
2015-05-09,200.00
2015-05-10,200.00
2015-05-11,200.00
2015-05-12,228.31
2015-05-13,240.29
2015-05-14,266.63
2015-05-15,227.47
2015-05-16,233.65
2015-05-17,210.92
2015-05-18,200.00
2015-05-19,200.00
2015-05-20,201.43
2015-05-21,230.64
2015-05-22,238.73
2015-05-23,250.87
2015-05-24,285.64
2015-05-25,299.92
2015-05-26,334.25
2015-05-27,377.75
2015-05-28,325.89
2015-05-29,311.75
2015-05-30,356.24
2015-05-31,339.48
2015-06-01,315.42
2015-06-02,324.30
2015-06-03,348.66
2015-06-04,302.89
2015-06-05,303.82
2015-06-06,281.48
2015-06-07,312.75
2015-06-08,350.13
2015-06-09,321.19
2015-06-10,286.61
2015-06-11,307.14
2015-06-12,273.81
2015-06-13,294.29
2015-06-14,291.35
2015-06-15,302.41
2015-06-16,260.30
2015-06-17,251.22
2015-06-18,232.30
2015-06-19,238.37
2015-06-20,202.74
2015-06-21,200.00
2015-06-22,200.00
2015-06-23,200.00
2015-06-24,200.00
2015-06-25,200.00
2015-06-26,200.00
2015-06-27,200.00
2015-06-28,200.00
2015-06-29,220.22
2015-06-30,231.30
2015-07-01,265.71
2015-07-02,236.16
2015-07-03,215.33
2015-07-04,210.87
2015-07-05,235.85
2015-07-06,227.04
2015-07-07,243.33
2015-07-08,271.73
2015-07-09,236.58
2015-07-10,234.56
2015-07-11,239.51
2015-07-12,211.92
2015-07-13,235.52
2015-07-14,205.64
2015-07-15,200.00
2015-07-16,201.43
2015-07-17,200.00
2015-07-18,200.00
2015-07-19,200.00
2015-07-20,218.11
2015-07-21,243.08
2015-07-22,235.16
2015-07-23,215.29
2015-07-24,204.50
2015-07-25,200.00
2015-07-26,200.00
2015-07-27,200.00
2015-07-28,225.68
2015-07-29,222.72
2015-07-30,204.52
2015-07-31,228.67
2015-08-01,227.22
2015-08-02,200.01
2015-08-03,200.00
2015-08-04,200.00
2015-08-05,200.00
2015-08-06,201.66
2015-08-07,200.47
2015-08-08,200.00
2015-08-09,217.22
2015-08-10,248.22
2015-08-11,234.62
2015-08-12,208.99
2015-08-13,210.00
2015-08-14,240.00
2015-08-15,261.27
2015-08-16,292.90
2015-08-17,277.62
2015-08-18,242.76
2015-08-19,252.59
2015-08-20,253.86
2015-08-21,254.17
2015-08-22,279.80
2015-08-23,286.03
2015-08-24,265.26
2015-08-25,274.66
2015-08-26,284.37
2015-08-27,280.33
2015-08-28,311.88
2015-08-29,310.07
2015-08-30,276.89
2015-08-31,240.18
2015-09-01,214.43
2015-09-02,235.42
2015-09-03,226.75
2015-09-04,230.11
2015-09-05,218.05
2015-09-06,245.78
2015-09-07,215.83
2015-09-08,215.85
2015-09-09,232.37
2015-09-10,221.12
2015-09-11,208.80
2015-09-12,207.30
2015-09-13,201.60
2015-09-14,200.00
2015-09-15,200.00
2015-09-16,208.72
2015-09-17,224.18
2015-09-18,249.26
2015-09-19,265.42
2015-09-20,226.86
2015-09-21,242.42
2015-09-22,231.70
2015-09-23,213.16
2015-09-24,234.01
2015-09-25,220.87
2015-09-26,201.26
2015-09-27,200.00
2015-09-28,200.00
2015-09-29,215.41
2015-09-30,200.00
2015-10-01,200.00
2015-10-02,200.00
2015-10-03,218.03
2015-10-04,202.23
2015-10-05,229.31
2015-10-06,204.72
2015-10-07,200.00
2015-10-08,226.84
2015-10-09,216.14
2015-10-10,228.93
2015-10-11,204.88
2015-10-12,228.96
2015-10-13,257.23
2015-10-14,250.27
2015-10-15,216.85
2015-10-16,225.02
2015-10-17,215.08
2015-10-18,218.54
2015-10-19,242.96
2015-10-20,243.84
2015-10-21,207.58
2015-10-22,222.26
2015-10-23,200.00
2015-10-24,200.00
2015-10-25,200.00
2015-10-26,200.00
2015-10-27,223.34
2015-10-28,223.42
2015-10-29,216.68
2015-10-30,231.74
2015-10-31,201.29
2015-11-01,214.01
2015-11-02,215.06
2015-11-03,200.00
2015-11-04,200.00
2015-11-05,200.00
2015-11-06,202.14
2015-11-07,209.29
2015-11-08,217.47
2015-11-09,205.52
2015-11-10,233.77
2015-11-11,245.41
2015-11-12,244.45
2015-11-13,261.28
2015-11-14,258.23
2015-11-15,232.51
2015-11-16,258.41
2015-11-17,276.39
2015-11-18,277.07
2015-11-19,238.75
2015-11-20,237.64
2015-11-21,273.25
2015-11-22,287.66
2015-11-23,328.07
2015-11-24,375.21
2015-11-25,362.47
2015-11-26,389.51
2015-11-27,337.79
2015-11-28,385.28
2015-11-29,390.21
2015-11-30,388.72
2015-12-01,357.20
2015-12-02,371.71
2015-12-03,346.12
2015-12-04,314.44
2015-12-05,348.31
2015-12-06,374.73
2015-12-07,421.56
2015-12-08,410.28
2015-12-09,351.07
2015-12-10,300.09
2015-12-11,309.84
2015-12-12,298.69
2015-12-13,327.37
2015-12-14,310.84
2015-12-15,275.99
2015-12-16,273.18
2015-12-17,241.12
2015-12-18,251.83
2015-12-19,237.40
2015-12-20,224.72
2015-12-21,229.19
2015-12-22,217.03
2015-12-23,204.23
2015-12-24,200.00
2015-12-25,226.01
2015-12-26,218.85
2015-12-27,216.69
2015-12-28,223.09
2015-12-29,200.00
2015-12-30,200.00
2015-12-31,200.00
2016-01-01,200.00
2016-01-02,200.00
2016-01-03,200.00
2016-01-04,205.44
2016-01-05,228.30
2016-01-06,220.24
2016-01-07,214.13
2016-01-08,234.81
2016-01-09,214.58
2016-01-10,200.00
2016-01-11,200.00
2016-01-12,200.00
2016-01-13,200.00
2016-01-14,205.78
2016-01-15,200.00
2016-01-16,200.00
2016-01-17,226.12
2016-01-18,209.61
2016-01-19,200.00
2016-01-20,205.03
2016-01-21,200.00
2016-01-22,202.73
2016-01-23,221.16
2016-01-24,200.00
2016-01-25,229.90
2016-01-26,232.22
2016-01-27,214.68
2016-01-28,200.00
2016-01-29,201.16
2016-01-30,224.10
2016-01-31,203.27
2016-02-01,200.00
2016-02-02,215.30
2016-02-03,200.00
2016-02-04,213.01
2016-02-05,233.98
2016-02-06,228.99
2016-02-07,200.00
2016-02-08,200.00
2016-02-09,200.00
2016-02-10,200.00
2016-02-11,200.00
2016-02-12,225.24
2016-02-13,248.13
2016-02-14,218.78
2016-02-15,224.63
2016-02-16,233.33
2016-02-17,220.21
2016-02-18,213.59
2016-02-19,228.84
2016-02-20,236.96
2016-02-21,216.30
2016-02-22,240.54
2016-02-23,272.53
2016-02-24,305.28
2016-02-25,347.15
2016-02-26,349.21
2016-02-27,376.61
2016-02-28,348.40
2016-02-29,310.78
2016-03-01,324.55
2016-03-02,286.79
2016-03-03,254.07
2016-03-04,279.43
2016-03-05,288.04
2016-03-06,295.04
2016-03-07,260.84
2016-03-08,262.34
2016-03-09,284.23
2016-03-10,280.61
2016-03-11,245.68
2016-03-12,224.47
2016-03-13,234.00
2016-03-14,203.17
2016-03-15,200.00
2016-03-16,200.00
2016-03-17,226.31
2016-03-18,257.72
2016-03-19,289.88
2016-03-20,280.97
2016-03-21,275.64
2016-03-22,262.38
2016-03-23,263.82
2016-03-24,227.95
2016-03-25,218.41
2016-03-26,214.60
2016-03-27,200.00
2016-03-28,200.00
2016-03-29,228.12
2016-03-30,253.27
2016-03-31,240.46
2016-04-01,264.90
2016-04-02,256.73
2016-04-03,245.09
2016-04-04,248.08
2016-04-05,247.35
2016-04-06,272.69
2016-04-07,246.87
2016-04-08,271.21
2016-04-09,274.43
2016-04-10,303.90
2016-04-11,299.92
2016-04-12,311.03
2016-04-13,283.44
2016-04-14,258.03
2016-04-15,232.91
2016-04-16,220.58
2016-04-17,246.05
2016-04-18,282.69
2016-04-19,258.79
2016-04-20,248.03
2016-04-21,232.37
2016-04-22,265.86
2016-04-23,275.64
2016-04-24,234.55
2016-04-25,237.38
2016-04-26,236.44
2016-04-27,235.88
2016-04-28,269.65
2016-04-29,282.64
2016-04-30,307.80
2016-05-01,339.57
2016-05-02,348.73
2016-05-03,381.05
2016-05-04,412.37
2016-05-05,457.25
2016-05-06,511.88
2016-05-07,518.61
2016-05-08,498.37
2016-05-09,471.18
2016-05-10,420.15
2016-05-11,452.77
2016-05-12,480.87
2016-05-13,513.19
2016-05-14,492.13
2016-05-15,451.34
2016-05-16,505.42
2016-05-17,542.93
2016-05-18,597.94
2016-05-19,600.00
2016-05-20,600.00
2016-05-21,589.23
2016-05-22,600.00
2016-05-23,540.19
2016-05-24,499.40
2016-05-25,527.33
2016-05-26,526.76
2016-05-27,480.97
2016-05-28,544.64
2016-05-29,523.71
2016-05-30,456.94
2016-05-31,479.65
2016-06-01,499.99
2016-06-02,563.89
2016-06-03,567.12
2016-06-04,570.97
2016-06-05,520.62
2016-06-06,454.48
2016-06-07,410.52
2016-06-08,445.85
2016-06-09,401.54
2016-06-10,421.73
2016-06-11,409.56
2016-06-12,420.72
2016-06-13,409.65
2016-06-14,424.79
2016-06-15,396.39
2016-06-16,402.94
2016-06-17,437.43
2016-06-18,484.99
2016-06-19,426.06
2016-06-20,471.95
2016-06-21,541.88
2016-06-22,561.60
2016-06-23,544.91
2016-06-24,600.00
2016-06-25,528.18
2016-06-26,460.86
2016-06-27,505.88
2016-06-28,514.77
2016-06-29,572.62
2016-06-30,561.69
2016-07-01,600.00
2016-07-02,600.00
2016-07-03,600.00
2016-07-04,565.45
2016-07-05,600.00
2016-07-06,600.00
2016-07-07,518.81
2016-07-08,563.99
2016-07-09,563.52
2016-07-10,600.00
2016-07-11,600.00
2016-07-12,549.23
2016-07-13,534.47
2016-07-14,570.30
2016-07-15,600.00
2016-07-16,600.00
2016-07-17,572.33
2016-07-18,600.00
2016-07-19,600.00
2016-07-20,600.00
2016-07-21,600.00
2016-07-22,547.37
2016-07-23,554.85
2016-07-24,564.03
2016-07-25,600.00
2016-07-26,600.00
2016-07-27,566.88
2016-07-28,561.53
2016-07-29,558.29
2016-07-30,593.60
2016-07-31,545.23
2016-08-01,600.00
2016-08-02,593.60
2016-08-03,562.52
2016-08-04,558.72
2016-08-05,584.01
2016-08-06,505.85
2016-08-07,558.03
2016-08-08,481.20
2016-08-09,483.01
2016-08-10,527.33
2016-08-11,537.14
2016-08-12,492.14
2016-08-13,535.80
2016-08-14,534.27
2016-08-15,563.03
2016-08-16,541.07
2016-08-17,584.62
2016-08-18,560.31
2016-08-19,600.00
2016-08-20,593.87
2016-08-21,600.00
2016-08-22,523.71
2016-08-23,482.20
2016-08-24,431.53
2016-08-25,478.12
2016-08-26,476.91
2016-08-27,481.94
2016-08-28,443.62
2016-08-29,479.64
2016-08-30,436.21
2016-08-31,489.72
2016-09-01,492.92
2016-09-02,528.58
2016-09-03,546.06
2016-09-04,554.15
2016-09-05,543.42
2016-09-06,600.00
2016-09-07,600.00
2016-09-08,581.85
2016-09-09,600.00
2016-09-10,578.12
2016-09-11,600.00
2016-09-12,600.00
2016-09-13,534.02
2016-09-14,532.71
2016-09-15,588.32
2016-09-16,596.31
2016-09-17,600.00
2016-09-18,600.00
2016-09-19,600.00
2016-09-20,600.00
2016-09-21,580.92
2016-09-22,503.86
2016-09-23,543.46
2016-09-24,474.84
2016-09-25,537.87
2016-09-26,600.00
2016-09-27,600.00
2016-09-28,600.00
2016-09-29,584.08
2016-09-30,519.76
2016-10-01,563.08
2016-10-02,533.49
2016-10-03,548.82
2016-10-04,529.31
2016-10-05,467.13
2016-10-06,526.63
2016-10-07,482.49
2016-10-08,502.95
2016-10-09,493.52
2016-10-10,505.71
2016-10-11,439.78
2016-10-12,482.11
2016-10-13,477.58
2016-10-14,443.39
2016-10-15,477.94
2016-10-16,459.27
2016-10-17,445.87
2016-10-18,439.55
2016-10-19,391.04
2016-10-20,369.89
2016-10-21,341.35
2016-10-22,319.05
2016-10-23,330.54
2016-10-24,329.18
2016-10-25,373.13
2016-10-26,420.86
2016-10-27,397.39
2016-10-28,377.03
2016-10-29,373.14
2016-10-30,363.65
2016-10-31,407.73
2016-11-01,423.34
2016-11-02,380.06
2016-11-03,364.96
2016-11-04,389.18
2016-11-05,424.50
2016-11-06,364.24
2016-11-07,368.04
2016-11-08,404.60
2016-11-09,419.46
2016-11-10,432.62
2016-11-11,415.57
2016-11-12,477.79
2016-11-13,490.69
2016-11-14,487.23
2016-11-15,539.62
2016-11-16,477.28
2016-11-17,446.72
2016-11-18,402.68
2016-11-19,455.55
2016-11-20,430.05
2016-11-21,470.58
2016-11-22,471.68
2016-11-23,503.71
2016-11-24,551.99
2016-11-25,494.87
2016-11-26,559.54
2016-11-27,559.44
2016-11-28,510.29
2016-11-29,584.69
2016-11-30,559.43
2016-12-01,526.30
2016-12-02,590.38
2016-12-03,519.50
2016-12-04,453.89
2016-12-05,471.90
2016-12-06,466.43
2016-12-07,460.80
2016-12-08,518.30
2016-12-09,446.16
2016-12-10,390.05
2016-12-11,369.05
2016-12-12,339.30
2016-12-13,294.20
2016-12-14,277.53
2016-12-15,318.24
2016-12-16,287.37
2016-12-17,298.25
2016-12-18,296.11
2016-12-19,286.02
2016-12-20,320.62
2016-12-21,303.15
2016-12-22,319.03
2016-12-23,314.41
2016-12-24,301.99
2016-12-25,321.27
2016-12-26,350.54
2016-12-27,396.78
2016-12-28,442.16
2016-12-29,464.13
2016-12-30,401.72
2016-12-31,395.95
2017-01-01,343.41
2017-01-02,374.82
2017-01-03,366.27
2017-01-04,366.76
2017-01-05,358.07
2017-01-06,332.72
2017-01-07,313.37
2017-01-08,326.55
2017-01-09,293.68
2017-01-10,328.04
2017-01-11,300.20
2017-01-12,299.01
2017-01-13,278.29
2017-01-14,239.68
2017-01-15,220.95
2017-01-16,209.96
2017-01-17,200.00
2017-01-18,220.99
2017-01-19,200.00
2017-01-20,200.00
2017-01-21,201.46
2017-01-22,200.00
2017-01-23,200.00
2017-01-24,200.00
2017-01-25,200.00
2017-01-26,203.05
2017-01-27,200.00
2017-01-28,226.75
2017-01-29,200.00
2017-01-30,200.00
2017-01-31,226.55
2017-02-01,216.14
2017-02-02,216.73
2017-02-03,234.51
2017-02-04,255.98
2017-02-05,247.24
2017-02-06,230.74
2017-02-07,224.40
2017-02-08,213.39
2017-02-09,242.43
2017-02-10,211.57
2017-02-11,218.38
2017-02-12,238.44
2017-02-13,247.29
2017-02-14,234.72
2017-02-15,211.59
2017-02-16,217.79
2017-02-17,218.63
2017-02-18,200.53
2017-02-19,206.41
2017-02-20,204.05
2017-02-21,200.00
2017-02-22,229.95
2017-02-23,207.78
2017-02-24,200.00
2017-02-25,218.92
2017-02-26,209.50
2017-02-27,200.00
2017-02-28,202.54
2017-03-01,206.71
2017-03-02,201.59
2017-03-03,200.00
2017-03-04,200.00
2017-03-05,213.43
2017-03-06,229.07
2017-03-07,263.07
2017-03-08,235.32
2017-03-09,210.03
2017-03-10,233.54
2017-03-11,218.81
2017-03-12,251.51
2017-03-13,285.30
2017-03-14,293.29
2017-03-15,305.40
2017-03-16,345.90
2017-03-17,345.80
2017-03-18,349.78
2017-03-19,337.94
2017-03-20,356.86
2017-03-21,388.00
2017-03-22,431.63
2017-03-23,381.69
2017-03-24,352.15
2017-03-25,311.10
2017-03-26,320.02
2017-03-27,344.43
2017-03-28,307.21
2017-03-29,323.80
2017-03-30,283.83
2017-03-31,249.25
2017-04-01,261.63
2017-04-02,227.58
2017-04-03,256.98
2017-04-04,219.02
2017-04-05,227.68
2017-04-06,254.52
2017-04-07,234.94
2017-04-08,266.91
2017-04-09,265.41
2017-04-10,240.95
2017-04-11,237.78
2017-04-12,238.90
2017-04-13,233.63
2017-04-14,225.38
2017-04-15,255.55
2017-04-16,270.02
2017-04-17,299.94
2017-04-18,337.18
2017-04-19,351.28
2017-04-20,386.65
2017-04-21,386.97
2017-04-22,381.33
2017-04-23,375.38
2017-04-24,375.06
2017-04-25,359.39
2017-04-26,333.96
2017-04-27,373.84
2017-04-28,362.05
2017-04-29,375.59
2017-04-30,389.77
2017-05-01,373.70
2017-05-02,423.53
2017-05-03,442.19
2017-05-04,502.14
2017-05-05,490.25
2017-05-06,453.53
2017-05-07,486.70
2017-05-08,462.37
2017-05-09,417.62
2017-05-10,382.33
2017-05-11,362.03
2017-05-12,352.72
2017-05-13,389.76
2017-05-14,437.45
2017-05-15,451.41
2017-05-16,505.72
2017-05-17,540.90
2017-05-18,575.96
2017-05-19,590.41
2017-05-20,548.71
2017-05-21,555.18
2017-05-22,578.21
2017-05-23,501.98
2017-05-24,464.18
2017-05-25,484.76
2017-05-26,550.06
2017-05-27,546.07
2017-05-28,546.42
2017-05-29,549.15
2017-05-30,593.90
2017-05-31,600.00
2017-06-01,595.41
2017-06-02,553.94
2017-06-03,483.94
2017-06-04,504.89
2017-06-05,485.96
2017-06-06,413.50
2017-06-07,469.52
2017-06-08,464.90
2017-06-09,495.88
2017-06-10,430.21
2017-06-11,449.76
2017-06-12,458.31
2017-06-13,469.98
2017-06-14,450.32
2017-06-15,464.44
2017-06-16,484.86
2017-06-17,442.52
2017-06-18,454.27
2017-06-19,418.10
2017-06-20,447.91
2017-06-21,405.54
2017-06-22,414.58
2017-06-23,412.42
2017-06-24,363.19
2017-06-25,329.01
2017-06-26,335.37
2017-06-27,321.71
2017-06-28,333.60
2017-06-29,379.86
2017-06-30,326.08
2017-07-01,323.45
2017-07-02,326.76
2017-07-03,363.01
2017-07-04,384.98
2017-07-05,407.81
2017-07-06,394.16
2017-07-07,449.62
2017-07-08,433.42
2017-07-09,468.27
2017-07-10,447.80
2017-07-11,500.08
2017-07-12,512.34
2017-07-13,481.76
2017-07-14,516.19
2017-07-15,492.31
2017-07-16,557.33
2017-07-17,517.09
2017-07-18,554.23
2017-07-19,594.34
2017-07-20,600.00
2017-07-21,573.30
2017-07-22,487.70
2017-07-23,415.32
2017-07-24,402.14
2017-07-25,359.01
2017-07-26,364.36
2017-07-27,400.47
2017-07-28,429.58
2017-07-29,404.45
2017-07-30,451.70
2017-07-31,480.96
2017-08-01,505.49
2017-08-02,466.42
2017-08-03,470.84
2017-08-04,424.68
2017-08-05,478.57
2017-08-06,510.98
2017-08-07,494.66
2017-08-08,488.37
2017-08-09,477.48
2017-08-10,541.69
2017-08-11,578.81
2017-08-12,519.44
2017-08-13,560.74
2017-08-14,534.90
2017-08-15,517.79
2017-08-16,571.48
2017-08-17,600.00
2017-08-18,521.54
2017-08-19,586.51
2017-08-20,546.96
2017-08-21,509.74
2017-08-22,512.39
2017-08-23,532.02
2017-08-24,514.87
2017-08-25,534.13
2017-08-26,592.65
2017-08-27,537.07
2017-08-28,462.60
2017-08-29,419.17
2017-08-30,365.44
2017-08-31,327.55
2017-09-01,345.84
2017-09-02,327.03
2017-09-03,286.73
2017-09-04,325.26
2017-09-05,301.29
2017-09-06,261.73
2017-09-07,225.65
2017-09-08,211.67
2017-09-09,238.78
2017-09-10,240.61
2017-09-11,223.06
2017-09-12,200.00
2017-09-13,216.49
2017-09-14,236.98
2017-09-15,220.63
2017-09-16,243.11
2017-09-17,241.28
2017-09-18,236.51
2017-09-19,240.45
2017-09-20,252.60
2017-09-21,217.65
2017-09-22,246.44
2017-09-23,225.31
2017-09-24,250.54
2017-09-25,256.81
2017-09-26,238.91
2017-09-27,207.81
2017-09-28,208.37
2017-09-29,200.00
2017-09-30,200.00
2017-10-01,200.00
2017-10-02,200.61
2017-10-03,229.71
2017-10-04,248.88
2017-10-05,229.14
2017-10-06,253.17
2017-10-07,290.03
2017-10-08,291.26
2017-10-09,321.39
2017-10-10,356.75
2017-10-11,348.07
2017-10-12,311.35
2017-10-13,305.76
2017-10-14,317.30
2017-10-15,339.75
2017-10-16,367.87
2017-10-17,360.02
2017-10-18,378.46
2017-10-19,341.97
2017-10-20,377.51
2017-10-21,409.20
2017-10-22,365.39
2017-10-23,419.08
2017-10-24,363.15
2017-10-25,330.99
2017-10-26,325.07
2017-10-27,363.01
2017-10-28,407.91
2017-10-29,413.27
2017-10-30,376.21
2017-10-31,407.34
2017-11-01,425.51
2017-11-02,429.33
2017-11-03,435.44
2017-11-04,493.86
2017-11-05,437.06
2017-11-06,482.36
2017-11-07,450.03
2017-11-08,438.78
2017-11-09,377.20
2017-11-10,404.88
2017-11-11,356.29
2017-11-12,341.62
2017-11-13,343.18
2017-11-14,358.46
2017-11-15,349.95
2017-11-16,364.63
2017-11-17,400.13
2017-11-18,433.09
2017-11-19,391.10
2017-11-20,447.58
2017-11-21,507.21
2017-11-22,458.16
2017-11-23,482.29
2017-11-24,412.30
2017-11-25,436.80
2017-11-26,448.51
2017-11-27,381.51
2017-11-28,437.82
2017-11-29,440.26
2017-11-30,470.43
2017-12-01,405.75
2017-12-02,377.05
2017-12-03,328.16
2017-12-04,328.90
2017-12-05,351.84
2017-12-06,331.73
2017-12-07,301.11
2017-12-08,301.87
2017-12-09,270.37
2017-12-10,258.62
2017-12-11,276.11
2017-12-12,297.20
2017-12-13,285.10
2017-12-14,256.94
2017-12-15,284.81
2017-12-16,306.27
2017-12-17,271.41
2017-12-18,309.58
2017-12-19,292.35
2017-12-20,292.81
2017-12-21,299.42
2017-12-22,274.15
2017-12-23,237.07
2017-12-24,262.37
2017-12-25,243.68
2017-12-26,271.36
2017-12-27,295.41
2017-12-28,320.61
2017-12-29,289.15
2017-12-30,328.76
2017-12-31,295.26
2018-01-01,321.88
2018-01-02,305.48
2018-01-03,296.80
2018-01-04,306.26
2018-01-05,275.01
2018-01-06,243.70
2018-01-07,230.55
2018-01-08,244.93
2018-01-09,270.02
2018-01-10,237.06
2018-01-11,202.37
2018-01-12,200.00
2018-01-13,200.00
2018-01-14,216.44
2018-01-15,245.18
2018-01-16,216.79
2018-01-17,200.00
2018-01-18,200.00
2018-01-19,200.00
2018-01-20,200.00
2018-01-21,213.81
2018-01-22,200.00
2018-01-23,218.87
2018-01-24,224.45
2018-01-25,252.48
2018-01-26,241.90
2018-01-27,266.37
2018-01-28,296.67
2018-01-29,332.92
2018-01-30,349.68
2018-01-31,305.74
2018-02-01,343.24
2018-02-02,326.60
2018-02-03,320.78
2018-02-04,349.97
2018-02-05,334.94
2018-02-06,324.50
2018-02-07,347.38
2018-02-08,365.74
2018-02-09,375.22
2018-02-10,358.61
2018-02-11,411.19
2018-02-12,432.78
2018-02-13,380.96
2018-02-14,423.43
2018-02-15,367.20
2018-02-16,388.29
2018-02-17,426.34
2018-02-18,433.31
2018-02-19,400.50
2018-02-20,410.94
2018-02-21,402.22
2018-02-22,366.14
2018-02-23,335.64
2018-02-24,380.26
2018-02-25,414.36
2018-02-26,436.17
2018-02-27,408.92
2018-02-28,390.66
2018-03-01,383.63
2018-03-02,369.21
2018-03-03,328.54
2018-03-04,359.04
2018-03-05,382.06
2018-03-06,389.15
2018-03-07,387.11
2018-03-08,427.61
2018-03-09,438.90
2018-03-10,419.66
2018-03-11,464.30
2018-03-12,503.78
2018-03-13,524.39
2018-03-14,530.73
2018-03-15,488.17
2018-03-16,527.79
2018-03-17,467.88
2018-03-18,398.70
2018-03-19,447.06
2018-03-20,422.44
2018-03-21,394.64
2018-03-22,412.67
2018-03-23,423.33
2018-03-24,459.63
2018-03-25,519.50
2018-03-26,462.20
2018-03-27,444.75
2018-03-28,492.74
2018-03-29,524.59
2018-03-30,545.44
2018-03-31,518.04
2018-04-01,575.60
2018-04-02,491.33
2018-04-03,520.89
2018-04-04,586.71
2018-04-05,523.84
2018-04-06,490.20
2018-04-07,451.86
2018-04-08,497.61
2018-04-09,494.92
2018-04-10,496.92
2018-04-11,436.30
2018-04-12,395.86
2018-04-13,375.24
2018-04-14,378.10
2018-04-15,434.21
2018-04-16,493.49
2018-04-17,471.13
2018-04-18,428.93
2018-04-19,446.75
2018-04-20,466.26
2018-04-21,520.05
2018-04-22,576.92
2018-04-23,526.50
2018-04-24,570.84
2018-04-25,600.00
2018-04-26,600.00
2018-04-27,542.98
2018-04-28,521.08
2018-04-29,477.09
2018-04-30,480.67
2018-05-01,492.56
2018-05-02,505.64
2018-05-03,572.24
2018-05-04,557.02
2018-05-05,498.09
2018-05-06,450.32
2018-05-07,410.41
2018-05-08,381.22
2018-05-09,343.44
2018-05-10,328.06
2018-05-11,334.12
2018-05-12,321.41
2018-05-13,303.22
2018-05-14,273.58
2018-05-15,288.04
2018-05-16,278.59
2018-05-17,258.09
2018-05-18,219.71
2018-05-19,200.00
2018-05-20,200.00
2018-05-21,200.00
2018-05-22,205.94
2018-05-23,200.00
2018-05-24,200.31
2018-05-25,216.72
2018-05-26,204.99
2018-05-27,200.00
2018-05-28,222.25
2018-05-29,214.57
2018-05-30,228.29
2018-05-31,205.10
2018-06-01,201.94
2018-06-02,200.00
2018-06-03,200.00
2018-06-04,200.00
2018-06-05,218.47
2018-06-06,226.23
2018-06-07,251.05
2018-06-08,252.20
2018-06-09,272.93
2018-06-10,274.56
2018-06-11,291.95
2018-06-12,320.83
2018-06-13,286.95
2018-06-14,310.33
2018-06-15,351.21
2018-06-16,307.31
2018-06-17,331.63
2018-06-18,309.46
2018-06-19,340.08
2018-06-20,383.41
2018-06-21,398.51
2018-06-22,386.58
2018-06-23,379.14
2018-06-24,326.21
2018-06-25,322.55
2018-06-26,348.98
2018-06-27,331.98
2018-06-28,341.34
2018-06-29,308.79
2018-06-30,317.64
2018-07-01,317.49
2018-07-02,273.39
2018-07-03,312.73
2018-07-04,283.08
2018-07-05,318.18
2018-07-06,280.08
2018-07-07,261.17
2018-07-08,268.08
2018-07-09,239.78
2018-07-10,227.19
2018-07-11,206.22
2018-07-12,200.00
2018-07-13,200.00
2018-07-14,211.91
2018-07-15,218.23
2018-07-16,200.00
2018-07-17,201.31
2018-07-18,201.73
2018-07-19,200.00
2018-07-20,228.48
2018-07-21,206.77
2018-07-22,200.00
2018-07-23,212.57
2018-07-24,206.90
2018-07-25,223.21
2018-07-26,239.45
2018-07-27,237.69
2018-07-28,220.87
2018-07-29,219.12
2018-07-30,200.00
2018-07-31,200.00
2018-08-01,214.04
2018-08-02,229.00
2018-08-03,246.81
2018-08-04,223.58
2018-08-05,218.59
2018-08-06,225.44
2018-08-07,214.74
2018-08-08,244.18
2018-08-09,250.57
2018-08-10,264.38
2018-08-11,266.82
2018-08-12,269.59
2018-08-13,269.07
2018-08-14,264.53
2018-08-15,255.50
2018-08-16,243.53
2018-08-17,241.43
2018-08-18,273.26
2018-08-19,266.35
2018-08-20,291.19
2018-08-21,248.45
2018-08-22,223.04
2018-08-23,233.30
2018-08-24,221.58
2018-08-25,200.00
2018-08-26,219.80
2018-08-27,207.56
2018-08-28,200.00
2018-08-29,200.00
2018-08-30,200.00
2018-08-31,200.00
2018-09-01,218.33
2018-09-02,201.93
2018-09-03,200.00
2018-09-04,200.00
2018-09-05,200.00
2018-09-06,200.00
2018-09-07,200.00
2018-09-08,214.02
2018-09-09,200.00
2018-09-10,203.36
2018-09-11,206.12
2018-09-12,225.63
2018-09-13,248.76
2018-09-14,284.60
2018-09-15,293.40
2018-09-16,304.66
2018-09-17,259.20
2018-09-18,247.41
2018-09-19,218.13
2018-09-20,200.00
2018-09-21,200.00
2018-09-22,228.48
2018-09-23,200.00
2018-09-24,223.68
2018-09-25,200.00
2018-09-26,223.20
2018-09-27,245.32
2018-09-28,236.34
2018-09-29,220.36
2018-09-30,201.70
2018-10-01,218.98
2018-10-02,200.00
2018-10-03,217.72
2018-10-04,217.94
2018-10-05,219.74
2018-10-06,226.57
2018-10-07,205.42
2018-10-08,231.82
2018-10-09,260.67
2018-10-10,260.67
2018-10-11,267.15
2018-10-12,251.83
2018-10-13,261.58
2018-10-14,295.40
2018-10-15,264.80
2018-10-16,250.15
2018-10-17,283.62
2018-10-18,314.58
2018-10-19,293.53
2018-10-20,274.40
2018-10-21,305.36
2018-10-22,334.48
2018-10-23,289.31
2018-10-24,317.22
2018-10-25,298.30
2018-10-26,329.88
2018-10-27,283.57
2018-10-28,254.15
2018-10-29,282.21
2018-10-30,294.85
2018-10-31,338.20
2018-11-01,321.66
2018-11-02,288.26
2018-11-03,301.80
2018-11-04,330.75
2018-11-05,330.04
2018-11-06,318.67
2018-11-07,357.92
2018-11-08,384.48
2018-11-09,357.59
2018-11-10,322.21
2018-11-11,276.59
2018-11-12,276.39
2018-11-13,303.36
2018-11-14,291.37
2018-11-15,308.33
2018-11-16,273.10
2018-11-17,304.36
2018-11-18,265.88
2018-11-19,284.03
2018-11-20,313.22
2018-11-21,321.06
2018-11-22,307.44
2018-11-23,353.12
2018-11-24,382.30
2018-11-25,415.57
2018-11-26,400.39
2018-11-27,430.35
2018-11-28,478.92
2018-11-29,538.21
2018-11-30,563.34
2018-12-01,597.42
2018-12-02,600.00
2018-12-03,600.00
2018-12-04,511.83
2018-12-05,494.33
2018-12-06,555.78
2018-12-07,575.39
2018-12-08,600.00
2018-12-09,525.69
2018-12-10,499.78
2018-12-11,425.90
2018-12-12,467.58
2018-12-13,490.11
2018-12-14,432.55
2018-12-15,492.97
2018-12-16,530.11
2018-12-17,592.40
2018-12-18,583.78
2018-12-19,580.17
2018-12-20,526.48
2018-12-21,573.92
2018-12-22,527.05
2018-12-23,598.04
2018-12-24,561.82
2018-12-25,505.38
2018-12-26,435.80
2018-12-27,493.80
2018-12-28,537.51
2018-12-29,590.31
2018-12-30,600.00
2018-12-31,585.89
2019-01-01,554.34
2019-01-02,560.28
2019-01-03,600.00
2019-01-04,569.95
2019-01-05,600.00
2019-01-06,556.77
2019-01-07,489.65
2019-01-08,429.66
2019-01-09,480.15
2019-01-10,427.13
2019-01-11,436.08
2019-01-12,387.13
2019-01-13,369.21
2019-01-14,404.36
2019-01-15,423.49
2019-01-16,445.16
2019-01-17,488.45
2019-01-18,420.74
2019-01-19,386.80
2019-01-20,361.04
2019-01-21,361.52
2019-01-22,328.19
2019-01-23,283.08
2019-01-24,281.78
2019-01-25,248.15
2019-01-26,225.45
2019-01-27,239.09
2019-01-28,262.13
2019-01-29,278.70
2019-01-30,279.67
2019-01-31,321.19
2019-02-01,337.15
2019-02-02,353.57
2019-02-03,374.02
2019-02-04,359.75
2019-02-05,375.57
2019-02-06,423.08
2019-02-07,421.23
2019-02-08,481.41
2019-02-09,453.08
2019-02-10,385.23
2019-02-11,416.00
2019-02-12,354.47
2019-02-13,372.27
2019-02-14,383.24
2019-02-15,384.42
2019-02-16,343.16
2019-02-17,381.43
2019-02-18,367.51
2019-02-19,340.16
2019-02-20,308.95
2019-02-21,308.53
2019-02-22,315.81
2019-02-23,352.98
2019-02-24,316.01
2019-02-25,315.95
2019-02-26,306.87
2019-02-27,321.20
2019-02-28,274.50
2019-03-01,315.31
2019-03-02,326.65
2019-03-03,370.74
2019-03-04,368.37
2019-03-05,332.66
2019-03-06,296.67
2019-03-07,287.50
2019-03-08,266.57
2019-03-09,260.06
2019-03-10,256.86
2019-03-11,272.18
2019-03-12,307.34
2019-03-13,268.62
2019-03-14,250.49
2019-03-15,223.68
2019-03-16,208.85
2019-03-17,218.23
2019-03-18,200.00
2019-03-19,200.00
2019-03-20,200.00
2019-03-21,227.29
2019-03-22,209.72
2019-03-23,210.25
2019-03-24,200.00
2019-03-25,200.00
2019-03-26,205.49
2019-03-27,200.00
2019-03-28,200.00
2019-03-29,220.02
2019-03-30,201.60
2019-03-31,209.34
2019-04-01,225.09
2019-04-02,250.79
2019-04-03,253.51
2019-04-04,245.33
2019-04-05,226.69
2019-04-06,200.00
2019-04-07,200.00
2019-04-08,200.00
2019-04-09,200.00
2019-04-10,228.03
2019-04-11,236.98
2019-04-12,239.12
2019-04-13,228.99
2019-04-14,203.94
2019-04-15,213.65
2019-04-16,220.17
2019-04-17,249.45
2019-04-18,228.01
2019-04-19,204.31
2019-04-20,218.19
2019-04-21,200.18
2019-04-22,203.88
2019-04-23,201.58
2019-04-24,218.03
2019-04-25,205.59
2019-04-26,200.00
2019-04-27,200.00
2019-04-28,203.16
2019-04-29,200.00
2019-04-30,200.00
2019-05-01,205.04
2019-05-02,200.00
2019-05-03,227.56
2019-05-04,242.79
2019-05-05,267.08
2019-05-06,257.15
2019-05-07,221.64
2019-05-08,243.59
2019-05-09,217.53
2019-05-10,200.52
2019-05-11,212.82
2019-05-12,207.45
2019-05-13,200.00
2019-05-14,209.12
2019-05-15,200.00
2019-05-16,227.89
2019-05-17,226.58
2019-05-18,210.90
2019-05-19,203.41
2019-05-20,200.00
2019-05-21,200.00
2019-05-22,223.64
2019-05-23,210.90
2019-05-24,200.00
2019-05-25,201.22
2019-05-26,200.00
2019-05-27,218.02
2019-05-28,235.56
2019-05-29,246.06
2019-05-30,234.15
2019-05-31,221.34
2019-06-01,200.00
2019-06-02,200.00
2019-06-03,200.00
2019-06-04,225.02
2019-06-05,239.79
2019-06-06,204.03
2019-06-07,217.31
2019-06-08,200.00
2019-06-09,211.03
2019-06-10,212.12
2019-06-11,200.00
2019-06-12,200.00
2019-06-13,213.56
2019-06-14,200.00
2019-06-15,211.26
2019-06-16,203.00
2019-06-17,200.00
2019-06-18,200.00
2019-06-19,200.00
2019-06-20,200.00
2019-06-21,215.61
2019-06-22,241.38
2019-06-23,272.14
2019-06-24,290.84
2019-06-25,283.33
2019-06-26,245.53
2019-06-27,274.17
2019-06-28,256.78
2019-06-29,234.64
2019-06-30,200.00
2019-07-01,224.67
2019-07-02,252.23
2019-07-03,281.17
2019-07-04,281.16
2019-07-05,268.88
2019-07-06,256.91
2019-07-07,274.20
2019-07-08,237.79
2019-07-09,233.53
2019-07-10,220.35
2019-07-11,241.64
2019-07-12,234.34
2019-07-13,266.44
2019-07-14,279.99
2019-07-15,258.95
2019-07-16,277.05
2019-07-17,278.91
2019-07-18,238.04
2019-07-19,222.61
2019-07-20,200.95
2019-07-21,200.00
2019-07-22,200.48
2019-07-23,215.01
2019-07-24,243.58
2019-07-25,263.02
2019-07-26,227.19
2019-07-27,245.87
2019-07-28,245.21
2019-07-29,215.24
2019-07-30,226.21
2019-07-31,200.58
2019-08-01,217.72
2019-08-02,232.61
2019-08-03,265.64
2019-08-04,232.92
2019-08-05,205.11
2019-08-06,214.67
2019-08-07,221.95
2019-08-08,200.33
2019-08-09,229.44
2019-08-10,200.00
2019-08-11,200.00
2019-08-12,228.11
2019-08-13,227.31
2019-08-14,212.95
2019-08-15,200.00
2019-08-16,200.00
2019-08-17,200.00
2019-08-18,222.82
2019-08-19,230.85
2019-08-20,207.22
2019-08-21,200.00
2019-08-22,213.61
2019-08-23,234.37
2019-08-24,246.54
2019-08-25,239.68
2019-08-26,221.55
2019-08-27,217.11
2019-08-28,200.88
2019-08-29,210.70
2019-08-30,229.11
2019-08-31,225.95
2019-09-01,201.77
2019-09-02,200.00
2019-09-03,210.87
2019-09-04,202.79
2019-09-05,200.00
2019-09-06,204.49
2019-09-07,200.00
2019-09-08,200.00
2019-09-09,228.92
2019-09-10,215.00
2019-09-11,233.88
2019-09-12,231.05
2019-09-13,207.94
2019-09-14,200.00
2019-09-15,208.96
2019-09-16,229.76
2019-09-17,260.73
2019-09-18,288.79
2019-09-19,260.45
2019-09-20,231.72
2019-09-21,213.08
2019-09-22,212.24
2019-09-23,200.00
2019-09-24,200.00
2019-09-25,219.00
2019-09-26,248.72
2019-09-27,261.35
2019-09-28,231.37
2019-09-29,235.94
2019-09-30,251.79
2019-10-01,234.72
2019-10-02,244.11
2019-10-03,271.58
2019-10-04,308.29
2019-10-05,287.38
2019-10-06,244.52
2019-10-07,213.81
2019-10-08,221.78
2019-10-09,213.59
2019-10-10,200.00
2019-10-11,208.64
2019-10-12,237.27
2019-10-13,245.48
2019-10-14,265.21
2019-10-15,289.25
2019-10-16,317.13
2019-10-17,321.70
2019-10-18,334.08
2019-10-19,291.25
2019-10-20,296.69
2019-10-21,291.13
2019-10-22,334.12
2019-10-23,333.28
2019-10-24,284.10
2019-10-25,280.16
2019-10-26,300.96
2019-10-27,297.95
2019-10-28,341.75
2019-10-29,368.73
2019-10-30,333.57
2019-10-31,358.81
2019-11-01,326.90
2019-11-02,342.82
2019-11-03,371.65
2019-11-04,327.43
2019-11-05,297.42
2019-11-06,325.79
2019-11-07,339.44
2019-11-08,374.34
2019-11-09,364.48
2019-11-10,371.19
2019-11-11,398.60
2019-11-12,366.44
2019-11-13,323.33
2019-11-14,300.84
2019-11-15,260.99
2019-11-16,278.14
2019-11-17,266.79
2019-11-18,259.91
2019-11-19,296.32
2019-11-20,310.14
2019-11-21,329.11
2019-11-22,326.94
2019-11-23,348.00
2019-11-24,381.60
2019-11-25,376.10
2019-11-26,391.89
2019-11-27,410.72
2019-11-28,457.11
2019-11-29,410.59
2019-11-30,452.65
2019-12-01,478.20
2019-12-02,444.81
2019-12-03,381.51
2019-12-04,385.97
2019-12-05,383.31
2019-12-06,407.89
2019-12-07,418.54
2019-12-08,431.82
2019-12-09,479.95
2019-12-10,469.97
2019-12-11,488.49
2019-12-12,539.68
2019-12-13,515.44
2019-12-14,476.42
2019-12-15,407.06
2019-12-16,427.04
2019-12-17,408.72
2019-12-18,442.31
2019-12-19,412.61
2019-12-20,423.59
2019-12-21,368.96
2019-12-22,337.12
2019-12-23,326.36
2019-12-24,286.20
2019-12-25,314.13
2019-12-26,327.05
2019-12-27,288.48
2019-12-28,304.79
2019-12-29,281.73
2019-12-30,298.27
2019-12-31,255.55
2020-01-01,218.88
2020-01-02,224.75
2020-01-03,200.00
2020-01-04,200.00
2020-01-05,212.64
2020-01-06,223.71
2020-01-07,203.48
2020-01-08,200.00
2020-01-09,200.00
2020-01-10,220.63
2020-01-11,244.64
2020-01-12,258.56
2020-01-13,221.79
2020-01-14,200.00
2020-01-15,200.00
2020-01-16,202.60
2020-01-17,211.21
2020-01-18,209.88
2020-01-19,225.13
2020-01-20,201.74
2020-01-21,203.40
2020-01-22,211.25
2020-01-23,200.00
2020-01-24,200.00
2020-01-25,229.04
2020-01-26,244.13
2020-01-27,221.13
2020-01-28,241.05
2020-01-29,232.10
2020-01-30,239.27
2020-01-31,256.10
2020-02-01,226.84
2020-02-02,240.43
2020-02-03,244.48
2020-02-04,252.45
2020-02-05,274.99
2020-02-06,296.86
2020-02-07,265.52
2020-02-08,247.73
2020-02-09,221.76
2020-02-10,200.00
2020-02-11,221.75
2020-02-12,207.77
2020-02-13,234.75
2020-02-14,210.44
2020-02-15,200.00
2020-02-16,217.77
2020-02-17,213.99
2020-02-18,218.59
2020-02-19,239.62
2020-02-20,245.07
2020-02-21,232.94
2020-02-22,200.00
2020-02-23,200.00
2020-02-24,200.00
2020-02-25,200.00
2020-02-26,223.56
2020-02-27,251.00
2020-02-28,285.53
2020-02-29,289.77
2020-03-01,293.23
2020-03-02,273.84
2020-03-03,292.33
2020-03-04,270.83
2020-03-05,309.92
2020-03-06,294.03
2020-03-07,268.83
2020-03-08,290.95
2020-03-09,281.48
2020-03-10,285.47
2020-03-11,289.73
2020-03-12,269.26
2020-03-13,261.64
2020-03-14,300.44
2020-03-15,261.33
2020-03-16,265.70
2020-03-17,301.89
2020-03-18,256.83
2020-03-19,276.45
2020-03-20,300.06
2020-03-21,332.45
2020-03-22,312.51
2020-03-23,285.02
2020-03-24,292.50
2020-03-25,271.82
2020-03-26,253.79
2020-03-27,217.82
2020-03-28,238.68
2020-03-29,244.39
2020-03-30,262.77
2020-03-31,233.43
2020-04-01,249.61
2020-04-02,244.97
2020-04-03,267.99
2020-04-04,239.33
2020-04-05,215.97
2020-04-06,232.06
2020-04-07,225.57
2020-04-08,243.71
2020-04-09,278.60
2020-04-10,299.95
2020-04-11,285.30
2020-04-12,302.46
2020-04-13,304.92
2020-04-14,281.10
2020-04-15,288.72
2020-04-16,250.53
2020-04-17,236.34
2020-04-18,234.89
2020-04-19,238.07
2020-04-20,239.68
2020-04-21,231.71
2020-04-22,260.09
2020-04-23,272.13
2020-04-24,309.98
2020-04-25,343.74
2020-04-26,331.82
2020-04-27,320.94
2020-04-28,304.66
2020-04-29,273.86
2020-04-30,282.34
2020-05-01,310.98
2020-05-02,328.04
2020-05-03,359.54
2020-05-04,372.52
2020-05-05,337.60
2020-05-06,357.04
2020-05-07,335.61
2020-05-08,308.43
2020-05-09,268.48
2020-05-10,286.99
2020-05-11,281.27
2020-05-12,248.58
2020-05-13,264.30
2020-05-14,285.04
2020-05-15,257.43
2020-05-16,223.65
2020-05-17,253.93
2020-05-18,221.10
2020-05-19,219.38
2020-05-20,213.85
2020-05-21,200.00
2020-05-22,203.41
2020-05-23,208.00
2020-05-24,209.35
2020-05-25,200.00
2020-05-26,213.57
2020-05-27,200.00
2020-05-28,200.00
2020-05-29,200.00
2020-05-30,200.00
2020-05-31,200.00
2020-06-01,200.00
2020-06-02,200.00
2020-06-03,218.08
2020-06-04,232.88
2020-06-05,220.16
2020-06-06,224.53
2020-06-07,200.00
2020-06-08,206.63
2020-06-09,219.75
2020-06-10,201.00
2020-06-11,215.81
2020-06-12,208.91
2020-06-13,200.00
2020-06-14,205.90
2020-06-15,225.08
2020-06-16,244.11
2020-06-17,240.29
2020-06-18,223.32
2020-06-19,200.00
2020-06-20,227.81
2020-06-21,224.74
2020-06-22,213.89
2020-06-23,227.71
2020-06-24,221.71
2020-06-25,209.01
2020-06-26,200.00
2020-06-27,206.89
2020-06-28,201.62
2020-06-29,226.52
2020-06-30,219.50
2020-07-01,233.05
2020-07-02,247.98
2020-07-03,250.08
2020-07-04,243.25
2020-07-05,246.98
2020-07-06,252.44
2020-07-07,238.75
2020-07-08,226.34
2020-07-09,229.86
2020-07-10,200.00
2020-07-11,200.00
2020-07-12,210.10
2020-07-13,229.66
2020-07-14,200.00
2020-07-15,200.00
2020-07-16,200.00
2020-07-17,200.00
2020-07-18,222.15
2020-07-19,237.43
2020-07-20,219.84
2020-07-21,226.21
2020-07-22,240.88
2020-07-23,225.57
2020-07-24,206.73
2020-07-25,217.99
2020-07-26,206.31
2020-07-27,200.00
2020-07-28,200.00
2020-07-29,200.00
2020-07-30,217.07
2020-07-31,232.34
2020-08-01,262.57
2020-08-02,293.13
2020-08-03,255.92
2020-08-04,237.20
2020-08-05,218.14
2020-08-06,222.12
2020-08-07,200.00
2020-08-08,200.00
2020-08-09,219.07
2020-08-10,247.97
2020-08-11,272.10
2020-08-12,239.46
2020-08-13,231.80
2020-08-14,200.00
2020-08-15,200.00
2020-08-16,200.00
2020-08-17,200.00
2020-08-18,200.00
2020-08-19,200.00
2020-08-20,225.89
2020-08-21,237.54
2020-08-22,207.08
2020-08-23,200.00
2020-08-24,221.84
2020-08-25,202.89
2020-08-26,209.13
2020-08-27,231.41
2020-08-28,204.49
2020-08-29,200.00
2020-08-30,211.61
2020-08-31,239.53
2020-09-01,247.85
2020-09-02,220.26
2020-09-03,249.60
2020-09-04,247.28
2020-09-05,253.71
2020-09-06,274.02
2020-09-07,311.04
2020-09-08,339.32
2020-09-09,365.39
2020-09-10,312.43
2020-09-11,270.15
2020-09-12,254.90
2020-09-13,261.49
2020-09-14,264.90
2020-09-15,226.29
2020-09-16,208.41
2020-09-17,214.22
2020-09-18,236.08
2020-09-19,213.83
2020-09-20,240.02
2020-09-21,246.63
2020-09-22,232.66
2020-09-23,243.22
2020-09-24,245.44
2020-09-25,227.68
2020-09-26,221.32
2020-09-27,200.98
2020-09-28,219.75
2020-09-29,220.60
2020-09-30,207.05
2020-10-01,200.00
2020-10-02,200.00
2020-10-03,223.35
2020-10-04,205.15
2020-10-05,200.00
2020-10-06,217.38
2020-10-07,205.36
2020-10-08,220.08
2020-10-09,239.96
2020-10-10,217.85
2020-10-11,225.36
2020-10-12,220.93
2020-10-13,219.44
2020-10-14,200.00
2020-10-15,200.00
2020-10-16,200.00
2020-10-17,200.00
2020-10-18,212.02
2020-10-19,221.83
2020-10-20,200.00
2020-10-21,227.52
2020-10-22,219.40
2020-10-23,237.26
2020-10-24,232.36
2020-10-25,250.49
2020-10-26,238.49
2020-10-27,257.42
2020-10-28,267.86
2020-10-29,252.10
2020-10-30,241.56
2020-10-31,237.73
2020-11-01,269.30
2020-11-02,263.23
2020-11-03,242.19
2020-11-04,238.22
2020-11-05,264.96
2020-11-06,254.52
2020-11-07,257.69
2020-11-08,288.26
2020-11-09,261.94
2020-11-10,278.94
2020-11-11,239.30
2020-11-12,235.91
2020-11-13,218.26
2020-11-14,237.71
2020-11-15,250.36
2020-11-16,253.82
2020-11-17,255.36
2020-11-18,289.09
2020-11-19,271.86
2020-11-20,250.94
2020-11-21,273.23
2020-11-22,244.54
2020-11-23,223.00
2020-11-24,238.22
2020-11-25,272.31
2020-11-26,302.90
2020-11-27,316.43
2020-11-28,355.31
2020-11-29,378.65
2020-11-30,339.99
2020-12-01,359.94
2020-12-02,320.58
2020-12-03,318.02
2020-12-04,337.44
2020-12-05,364.10
2020-12-06,349.34
2020-12-07,365.08
2020-12-08,410.55
2020-12-09,455.63
2020-12-10,461.69
2020-12-11,502.02
2020-12-12,499.91
2020-12-13,521.44
2020-12-14,579.75
2020-12-15,533.86
2020-12-16,599.40
2020-12-17,600.00
2020-12-18,563.39
2020-12-19,557.29
2020-12-20,600.00
2020-12-21,600.00
2020-12-22,574.26
2020-12-23,600.00
2020-12-24,600.00
2020-12-25,527.77
2020-12-26,453.81
2020-12-27,405.03
2020-12-28,349.70
2020-12-29,309.12
2020-12-30,328.28
2020-12-31,304.09
2021-01-01,277.04
2021-01-02,273.35
2021-01-03,276.48
2021-01-04,249.30
2021-01-05,246.41
2021-01-06,245.83
2021-01-07,249.94
2021-01-08,218.05
2021-01-09,219.23
2021-01-10,206.42
2021-01-11,224.42
2021-01-12,200.00
2021-01-13,200.00
2021-01-14,200.00
2021-01-15,226.93
2021-01-16,214.90
2021-01-17,200.00
2021-01-18,200.00
2021-01-19,213.21
2021-01-20,200.00
2021-01-21,208.15
2021-01-22,236.16
2021-01-23,260.79
2021-01-24,224.34
2021-01-25,200.00
2021-01-26,200.00
2021-01-27,210.95
2021-01-28,228.32
2021-01-29,261.46
2021-01-30,286.48
2021-01-31,305.15
2021-02-01,345.53
2021-02-02,338.18
2021-02-03,369.52
2021-02-04,373.68
2021-02-05,420.92
2021-02-06,412.19
2021-02-07,458.63
2021-02-08,449.11
2021-02-09,438.54
2021-02-10,376.92
2021-02-11,328.27
2021-02-12,310.16
2021-02-13,295.50
2021-02-14,274.44
2021-02-15,287.72
2021-02-16,289.42
2021-02-17,269.74
2021-02-18,273.32
2021-02-19,306.45
2021-02-20,321.65
2021-02-21,359.78
2021-02-22,338.25
2021-02-23,385.08
2021-02-24,365.05
2021-02-25,365.07
2021-02-26,339.97
2021-02-27,332.89
2021-02-28,377.33
2021-03-01,335.69
2021-03-02,291.87
2021-03-03,317.27
2021-03-04,337.66
2021-03-05,346.95
2021-03-06,308.13
2021-03-07,310.59
2021-03-08,350.82
2021-03-09,351.45
2021-03-10,387.47
2021-03-11,381.03
2021-03-12,354.17
2021-03-13,364.40
2021-03-14,416.53
2021-03-15,406.70
2021-03-16,465.73
2021-03-17,442.26
2021-03-18,448.05
2021-03-19,514.74
2021-03-20,512.43
2021-03-21,534.47
2021-03-22,568.54
2021-03-23,493.85
2021-03-24,500.44
2021-03-25,568.36
2021-03-26,593.04
2021-03-27,561.88
2021-03-28,600.00
2021-03-29,531.58
2021-03-30,461.33
2021-03-31,449.18
2021-04-01,406.34
2021-04-02,434.41
2021-04-03,490.94
2021-04-04,506.28
2021-04-05,466.19
2021-04-06,470.68
2021-04-07,503.85
2021-04-08,559.75
2021-04-09,592.88
2021-04-10,600.00
2021-04-11,600.00
2021-04-12,600.00
2021-04-13,600.00
2021-04-14,589.40
2021-04-15,600.00
2021-04-16,600.00
2021-04-17,593.47
2021-04-18,566.61
2021-04-19,600.00
2021-04-20,580.04
2021-04-21,496.15
2021-04-22,477.14
2021-04-23,546.16
2021-04-24,556.97
2021-04-25,600.00
2021-04-26,564.40
2021-04-27,497.11
2021-04-28,479.80
2021-04-29,532.92
2021-04-30,556.20
2021-05-01,533.80
2021-05-02,467.93
2021-05-03,473.71
2021-05-04,500.03
2021-05-05,515.91
2021-05-06,472.48
2021-05-07,528.44
2021-05-08,548.90
2021-05-09,503.75
2021-05-10,484.16
2021-05-11,415.82
2021-05-12,452.57
2021-05-13,447.46
2021-05-14,454.93
2021-05-15,495.39
2021-05-16,555.59
2021-05-17,599.20
2021-05-18,600.00
2021-05-19,600.00
2021-05-20,600.00
2021-05-21,592.52
2021-05-22,507.05
2021-05-23,555.99
2021-05-24,516.18
2021-05-25,455.62
2021-05-26,451.19
2021-05-27,468.83
2021-05-28,510.52
2021-05-29,528.51
2021-05-30,527.68
2021-05-31,583.20
2021-06-01,600.00
2021-06-02,575.83
2021-06-03,600.00
2021-06-04,521.08
2021-06-05,495.47
2021-06-06,445.43
2021-06-07,421.54
2021-06-08,481.68
2021-06-09,418.18
2021-06-10,400.84
2021-06-11,368.18
2021-06-12,392.47
2021-06-13,379.45
2021-06-14,343.48
2021-06-15,393.87
2021-06-16,337.05
2021-06-17,287.74
2021-06-18,288.09
2021-06-19,327.86
2021-06-20,286.97
2021-06-21,276.72
2021-06-22,269.88
2021-06-23,268.71
2021-06-24,238.59
2021-06-25,203.38
2021-06-26,203.14
2021-06-27,212.95
2021-06-28,241.10
2021-06-29,217.23
2021-06-30,239.54
2021-07-01,258.52
2021-07-02,247.66
2021-07-03,221.67
2021-07-04,241.04
2021-07-05,274.79
2021-07-06,249.16
2021-07-07,254.48
2021-07-08,248.59
2021-07-09,234.25
2021-07-10,236.57
2021-07-11,223.36
2021-07-12,208.05
2021-07-13,200.00
2021-07-14,200.00
2021-07-15,200.00
2021-07-16,200.00
2021-07-17,200.00
2021-07-18,200.00
2021-07-19,215.05
2021-07-20,239.17
2021-07-21,239.20
2021-07-22,236.15
2021-07-23,269.69
2021-07-24,280.35
2021-07-25,265.62
2021-07-26,275.82
2021-07-27,278.55
2021-07-28,249.89
2021-07-29,243.05
2021-07-30,270.51
2021-07-31,276.46
2021-08-01,293.73
2021-08-02,330.72
2021-08-03,290.53
2021-08-04,273.20
2021-08-05,307.85
2021-08-06,323.18
2021-08-07,320.70
2021-08-08,273.77
2021-08-09,303.80
2021-08-10,269.86
2021-08-11,236.00
2021-08-12,268.16
2021-08-13,263.28
2021-08-14,296.39
2021-08-15,294.38
2021-08-16,312.73
2021-08-17,317.36
2021-08-18,277.24
2021-08-19,249.49
2021-08-20,213.13
2021-08-21,237.10
2021-08-22,206.97
2021-08-23,233.11
2021-08-24,249.04
2021-08-25,217.15
2021-08-26,230.41
2021-08-27,211.21
2021-08-28,203.42
2021-08-29,200.00
2021-08-30,200.00
2021-08-31,200.00
2021-09-01,226.30
2021-09-02,200.00
2021-09-03,208.75
2021-09-04,210.84
2021-09-05,200.00
2021-09-06,228.85
2021-09-07,237.10
2021-09-08,207.21
2021-09-09,221.93
2021-09-10,238.25
2021-09-11,212.76
2021-09-12,242.00
2021-09-13,224.09
2021-09-14,200.00
2021-09-15,200.00
2021-09-16,200.00
2021-09-17,210.48
2021-09-18,239.21
2021-09-19,226.91
2021-09-20,207.15
2021-09-21,203.10
2021-09-22,203.70
2021-09-23,200.00
2021-09-24,200.00
2021-09-25,205.80
2021-09-26,228.52
2021-09-27,216.89
2021-09-28,229.69
2021-09-29,208.57
2021-09-30,218.91
2021-10-01,200.00
2021-10-02,200.00
2021-10-03,220.04
2021-10-04,237.04
2021-10-05,219.26
2021-10-06,213.97
2021-10-07,200.00
2021-10-08,200.00
2021-10-09,200.00
2021-10-10,200.00
2021-10-11,200.00
2021-10-12,200.00
2021-10-13,200.00
2021-10-14,214.48
2021-10-15,228.77
2021-10-16,211.20
2021-10-17,200.00
2021-10-18,200.00
2021-10-19,217.42
2021-10-20,218.55
2021-10-21,236.91
2021-10-22,253.05
2021-10-23,271.61
2021-10-24,283.36
2021-10-25,307.56
2021-10-26,309.09
2021-10-27,333.29
2021-10-28,291.60
2021-10-29,309.06
2021-10-30,302.70
2021-10-31,271.11
2021-11-01,288.80
2021-11-02,305.54
2021-11-03,349.09
2021-11-04,348.87
2021-11-05,364.69
2021-11-06,406.33
2021-11-07,375.31
2021-11-08,354.68
2021-11-09,380.15
2021-11-10,417.52
2021-11-11,448.43
2021-11-12,438.39
2021-11-13,482.63
2021-11-14,432.24
2021-11-15,475.13
2021-11-16,470.87
2021-11-17,420.09
2021-11-18,357.84
2021-11-19,351.01
2021-11-20,369.71
2021-11-21,420.60
2021-11-22,411.30
2021-11-23,388.61
2021-11-24,395.48
2021-11-25,427.83
2021-11-26,408.42
2021-11-27,443.31
2021-11-28,420.45
2021-11-29,367.01
2021-11-30,397.33
2021-12-01,367.12
2021-12-02,365.40
2021-12-03,312.70
2021-12-04,289.92
2021-12-05,311.13
2021-12-06,298.18
2021-12-07,336.35
2021-12-08,342.62
2021-12-09,291.34
2021-12-10,272.32
2021-12-11,296.49
2021-12-12,254.37
2021-12-13,241.64
2021-12-14,250.16
2021-12-15,243.15
2021-12-16,210.54
2021-12-17,226.25
2021-12-18,200.51
2021-12-19,206.79
2021-12-20,205.48
2021-12-21,200.00
2021-12-22,210.56
2021-12-23,221.33
2021-12-24,245.76
2021-12-25,253.84
2021-12-26,215.81
2021-12-27,231.01
2021-12-28,242.38
2021-12-29,268.20
2021-12-30,256.54
2021-12-31,276.25
2022-01-01,248.39
2022-01-02,266.75
2022-01-03,230.99
2022-01-04,204.65
2022-01-05,200.00
2022-01-06,228.40
2022-01-07,222.18
2022-01-08,235.74
2022-01-09,212.17
2022-01-10,218.81
2022-01-11,216.12
2022-01-12,217.30
2022-01-13,224.87
2022-01-14,231.25
2022-01-15,203.22
2022-01-16,206.16
2022-01-17,224.17
2022-01-18,226.92
2022-01-19,260.09
2022-01-20,236.95
2022-01-21,265.47
2022-01-22,285.99
2022-01-23,295.12
2022-01-24,280.20
2022-01-25,287.66
2022-01-26,286.98
2022-01-27,250.63
2022-01-28,271.70
2022-01-29,279.42
2022-01-30,304.71
2022-01-31,315.82
2022-02-01,286.17
2022-02-02,297.49
2022-02-03,315.99
2022-02-04,348.24
2022-02-05,395.08
2022-02-06,368.49
2022-02-07,387.99
2022-02-08,356.39
2022-02-09,354.89
2022-02-10,340.11
2022-02-11,343.80
2022-02-12,340.48
2022-02-13,388.35
2022-02-14,392.10
2022-02-15,372.41
2022-02-16,382.59
2022-02-17,434.74
2022-02-18,493.29
2022-02-19,510.51
2022-02-20,444.38
2022-02-21,389.42
2022-02-22,386.53
2022-02-23,398.23
2022-02-24,425.25
2022-02-25,364.43
2022-02-26,342.95
2022-02-27,323.86
2022-02-28,320.86
2022-03-01,313.59
2022-03-02,293.77
2022-03-03,317.09
2022-03-04,312.31
2022-03-05,356.59
2022-03-06,319.75
2022-03-07,334.54
2022-03-08,366.26
2022-03-09,394.09
2022-03-10,430.44
2022-03-11,458.60
2022-03-12,500.58
2022-03-13,539.84
2022-03-14,504.91
2022-03-15,553.99
2022-03-16,600.00
2022-03-17,593.47
2022-03-18,509.12
2022-03-19,518.88
2022-03-20,453.61
2022-03-21,391.80
2022-03-22,414.65
2022-03-23,353.78
2022-03-24,388.62
2022-03-25,430.85
2022-03-26,387.90
2022-03-27,347.91
2022-03-28,372.14
2022-03-29,333.07
2022-03-30,342.65
2022-03-31,304.91
2022-04-01,295.05
2022-04-02,261.35
2022-04-03,254.05
2022-04-04,248.45
2022-04-05,264.81
2022-04-06,289.51
2022-04-07,326.71
2022-04-08,357.92
2022-04-09,345.59
2022-04-10,318.18
2022-04-11,287.28
2022-04-12,297.13
2022-04-13,257.66
2022-04-14,245.46
2022-04-15,213.46
2022-04-16,236.94
2022-04-17,231.13
2022-04-18,264.63
2022-04-19,271.05
2022-04-20,288.70
2022-04-21,269.17
2022-04-22,264.10
2022-04-23,261.98
2022-04-24,250.90
2022-04-25,287.40
2022-04-26,256.79
2022-04-27,262.44
2022-04-28,231.99
2022-04-29,250.85
2022-04-30,219.11
2022-05-01,200.00
2022-05-02,200.00
2022-05-03,200.00
2022-05-04,200.00
2022-05-05,214.39
2022-05-06,235.46
2022-05-07,227.09
2022-05-08,248.08
2022-05-09,243.37
2022-05-10,221.61
2022-05-11,253.26
2022-05-12,261.62
2022-05-13,291.88
2022-05-14,297.00
2022-05-15,299.63
2022-05-16,321.22
2022-05-17,308.45
2022-05-18,287.96
2022-05-19,306.61
2022-05-20,345.07
2022-05-21,373.56
2022-05-22,404.34
2022-05-23,384.36
2022-05-24,429.04
2022-05-25,374.80
2022-05-26,343.78
2022-05-27,331.86
2022-05-28,359.69
2022-05-29,336.07
2022-05-30,361.92
2022-05-31,348.29
2022-06-01,303.08
2022-06-02,324.88
2022-06-03,309.83
2022-06-04,318.93
2022-06-05,322.46
2022-06-06,322.83
2022-06-07,290.97
2022-06-08,305.52
2022-06-09,313.31
2022-06-10,319.31
2022-06-11,272.63
2022-06-12,239.82
2022-06-13,209.32
2022-06-14,216.99
2022-06-15,246.29
2022-06-16,257.66
2022-06-17,229.91
2022-06-18,248.95
2022-06-19,246.84
2022-06-20,261.00
2022-06-21,230.54
2022-06-22,261.08
2022-06-23,273.49
2022-06-24,300.27
2022-06-25,317.85
2022-06-26,310.17
2022-06-27,277.02
2022-06-28,300.17
2022-06-29,290.11
2022-06-30,297.37
2022-07-01,298.63
2022-07-02,339.05
2022-07-03,324.61
2022-07-04,351.12
2022-07-05,342.84
2022-07-06,342.94
2022-07-07,391.30
2022-07-08,401.35
2022-07-09,424.72
2022-07-10,455.12
2022-07-11,519.15
2022-07-12,581.02
2022-07-13,600.00
2022-07-14,540.99
2022-07-15,577.89
2022-07-16,600.00
2022-07-17,541.49
2022-07-18,567.42
2022-07-19,600.00
2022-07-20,537.79
2022-07-21,506.50
2022-07-22,527.07
2022-07-23,540.40
2022-07-24,495.62
2022-07-25,453.02
2022-07-26,460.94
2022-07-27,517.51
2022-07-28,510.36
2022-07-29,477.42
2022-07-30,496.96
2022-07-31,504.77
2022-08-01,517.60
2022-08-02,578.30
2022-08-03,499.28
2022-08-04,510.47
2022-08-05,570.97
2022-08-06,518.52
2022-08-07,457.80
2022-08-08,428.20
2022-08-09,369.47
2022-08-10,330.37
2022-08-11,364.37
2022-08-12,350.91
2022-08-13,364.90
2022-08-14,354.34
2022-08-15,329.97
2022-08-16,368.15
2022-08-17,369.06
2022-08-18,321.76
2022-08-19,306.36
2022-08-20,311.20
2022-08-21,301.42
2022-08-22,272.38
2022-08-23,256.81
2022-08-24,262.32
2022-08-25,300.44
2022-08-26,316.89
2022-08-27,298.14
2022-08-28,263.10
2022-08-29,227.93
2022-08-30,218.47
2022-08-31,200.00
2022-09-01,216.33
2022-09-02,235.30
2022-09-03,210.09
2022-09-04,202.15
2022-09-05,215.93
2022-09-06,200.00
2022-09-07,225.80
2022-09-08,203.01
2022-09-09,214.90
2022-09-10,200.00
2022-09-11,212.44
2022-09-12,200.00
2022-09-13,224.43
2022-09-14,206.17
2022-09-15,221.71
2022-09-16,200.00
2022-09-17,222.55
2022-09-18,210.20
2022-09-19,215.92
2022-09-20,201.37
2022-09-21,200.00
2022-09-22,200.00
2022-09-23,229.60
2022-09-24,202.66
2022-09-25,200.00
2022-09-26,200.00
2022-09-27,200.00
2022-09-28,224.57
2022-09-29,226.91
2022-09-30,229.67
2022-10-01,202.53
2022-10-02,205.43
2022-10-03,200.00
2022-10-04,229.52
2022-10-05,221.50
2022-10-06,212.15
2022-10-07,234.16
2022-10-08,233.22
2022-10-09,225.49
2022-10-10,200.00
2022-10-11,217.65
2022-10-12,207.99
2022-10-13,225.49
2022-10-14,202.66
2022-10-15,200.00
2022-10-16,209.63
2022-10-17,221.63
2022-10-18,243.23
2022-10-19,231.28
2022-10-20,201.57
2022-10-21,220.18
2022-10-22,200.00
2022-10-23,200.00
2022-10-24,211.72
2022-10-25,200.00
2022-10-26,200.00
2022-10-27,200.00
2022-10-28,223.66
2022-10-29,200.91
2022-10-30,200.00
2022-10-31,200.00
2022-11-01,200.00
2022-11-02,200.00
2022-11-03,200.00
2022-11-04,206.31
2022-11-05,206.35
2022-11-06,213.40
2022-11-07,200.00
2022-11-08,225.24
2022-11-09,233.77
2022-11-10,222.18
2022-11-11,230.73
2022-11-12,200.99
2022-11-13,200.00
2022-11-14,200.00
2022-11-15,200.00
2022-11-16,222.10
2022-11-17,211.32
2022-11-18,236.59
2022-11-19,271.42
2022-11-20,291.00
2022-11-21,248.50
2022-11-22,226.00
2022-11-23,252.50
2022-11-24,221.26
2022-11-25,200.00
2022-11-26,213.89
2022-11-27,229.95
2022-11-28,251.34
2022-11-29,251.74
2022-11-30,247.77
2022-12-01,242.81
2022-12-02,214.71
2022-12-03,228.26
2022-12-04,205.81
2022-12-05,200.00
2022-12-06,200.00
2022-12-07,222.75
2022-12-08,209.20
2022-12-09,224.99
2022-12-10,250.41
2022-12-11,247.47
2022-12-12,232.23
2022-12-13,219.12
2022-12-14,200.00
2022-12-15,208.18
2022-12-16,234.23
2022-12-17,255.14
2022-12-18,260.24
2022-12-19,240.40
2022-12-20,254.75
2022-12-21,275.63
2022-12-22,249.28
2022-12-23,283.09
2022-12-24,287.53
2022-12-25,327.62
2022-12-26,345.99
2022-12-27,353.92
2022-12-28,396.16
2022-12-29,433.97
2022-12-30,439.04
2022-12-31,486.71
2023-01-01,539.59
2023-01-02,497.45
2023-01-03,458.59
2023-01-04,521.53
2023-01-05,470.28
2023-01-06,466.10
2023-01-07,526.42
2023-01-08,544.34
2023-01-09,476.51
2023-01-10,430.32
2023-01-11,469.18
2023-01-12,480.26
2023-01-13,475.72
2023-01-14,462.93
2023-01-15,480.54
2023-01-16,499.28
2023-01-17,472.54
2023-01-18,409.34
2023-01-19,409.83
2023-01-20,348.61
2023-01-21,366.21
2023-01-22,349.07
2023-01-23,361.52
2023-01-24,373.84
2023-01-25,364.67
2023-01-26,360.90
2023-01-27,359.74
2023-01-28,407.78
2023-01-29,352.61
2023-01-30,329.75
2023-01-31,320.59
2023-02-01,318.66
2023-02-02,316.14
2023-02-03,310.46
2023-02-04,311.01
2023-02-05,314.04
2023-02-06,298.39
2023-02-07,321.16
2023-02-08,305.73
2023-02-09,294.43
2023-02-10,265.73
2023-02-11,298.85
2023-02-12,285.27
2023-02-13,268.40
2023-02-14,289.01
2023-02-15,290.27
2023-02-16,270.82
2023-02-17,256.12
2023-02-18,254.83
2023-02-19,256.73
2023-02-20,218.83
2023-02-21,234.82
2023-02-22,235.03
2023-02-23,202.64
2023-02-24,219.69
2023-02-25,244.19
2023-02-26,279.94
2023-02-27,313.35
2023-02-28,303.87
2023-03-01,274.68
2023-03-02,290.83
2023-03-03,251.40
2023-03-04,246.48
2023-03-05,261.76
2023-03-06,261.94
2023-03-07,285.64
2023-03-08,268.23
2023-03-09,232.60
2023-03-10,246.67
2023-03-11,236.64
2023-03-12,229.64
2023-03-13,263.25
2023-03-14,272.59
2023-03-15,295.26
2023-03-16,321.82
2023-03-17,328.17
2023-03-18,358.95
2023-03-19,319.73
2023-03-20,339.11
2023-03-21,321.63
2023-03-22,319.22
2023-03-23,294.10
2023-03-24,329.06
2023-03-25,339.47
2023-03-26,311.20
2023-03-27,344.44
2023-03-28,374.06
2023-03-29,384.74
2023-03-30,386.28
2023-03-31,370.99
2023-04-01,388.16
2023-04-02,332.49
2023-04-03,294.78
2023-04-04,322.54
2023-04-05,279.08
2023-04-06,306.68
2023-04-07,309.00
2023-04-08,319.48
2023-04-09,331.84
2023-04-10,372.17
2023-04-11,329.39
2023-04-12,356.94
2023-04-13,337.39
2023-04-14,288.66
2023-04-15,324.74
2023-04-16,301.14
2023-04-17,289.15
2023-04-18,299.33
2023-04-19,271.79
2023-04-20,275.08
2023-04-21,296.53
2023-04-22,259.02
2023-04-23,291.20
2023-04-24,317.27
2023-04-25,284.74
2023-04-26,257.84
2023-04-27,229.16
2023-04-28,258.54
2023-04-29,226.26
2023-04-30,217.76
2023-05-01,233.72
2023-05-02,247.16
2023-05-03,220.18
2023-05-04,200.00
2023-05-05,200.00
2023-05-06,224.83
2023-05-07,235.36
2023-05-08,207.90
2023-05-09,227.55
2023-05-10,200.00
2023-05-11,227.00
2023-05-12,216.21
2023-05-13,215.84
2023-05-14,202.62
2023-05-15,200.00
2023-05-16,200.00
2023-05-17,225.85
2023-05-18,210.46
2023-05-19,214.01
2023-05-20,200.00
2023-05-21,213.38
2023-05-22,217.51
2023-05-23,235.84
2023-05-24,215.01
2023-05-25,232.96
2023-05-26,233.21
2023-05-27,266.74
2023-05-28,272.90
2023-05-29,253.07
2023-05-30,287.53
2023-05-31,302.71
2023-06-01,345.23
2023-06-02,305.02
2023-06-03,307.71
2023-06-04,327.77
2023-06-05,373.99
2023-06-06,379.59
2023-06-07,324.25
2023-06-08,355.72
2023-06-09,306.65
2023-06-10,289.56
2023-06-11,262.30
2023-06-12,275.38
2023-06-13,243.50
2023-06-14,258.77
2023-06-15,233.27
2023-06-16,266.02
2023-06-17,252.12
2023-06-18,239.90
2023-06-19,218.35
2023-06-20,236.69
2023-06-21,250.01
2023-06-22,280.43
2023-06-23,257.06
2023-06-24,258.98
2023-06-25,256.52
2023-06-26,218.54
2023-06-27,202.90
2023-06-28,221.01
2023-06-29,211.52
2023-06-30,206.27
2023-07-01,201.85
2023-07-02,206.63
2023-07-03,202.67
2023-07-04,200.00
2023-07-05,227.67
2023-07-06,200.00
2023-07-07,211.21
2023-07-08,214.42
2023-07-09,242.49
2023-07-10,220.69
2023-07-11,247.73
2023-07-12,264.15
2023-07-13,249.00
2023-07-14,280.37
2023-07-15,250.82
2023-07-16,244.56
2023-07-17,244.78
2023-07-18,236.11
2023-07-19,224.33
2023-07-20,240.28
2023-07-21,272.25
2023-07-22,291.46
2023-07-23,250.20
2023-07-24,282.59
2023-07-25,277.54
2023-07-26,252.28
2023-07-27,234.76
2023-07-28,237.42
2023-07-29,255.02
2023-07-30,251.84
2023-07-31,262.96
2023-08-01,257.99
2023-08-02,255.01
2023-08-03,223.27
2023-08-04,222.49
2023-08-05,255.14
2023-08-06,245.37
2023-08-07,252.23
2023-08-08,243.34
2023-08-09,213.21
2023-08-10,219.80
2023-08-11,247.62
2023-08-12,211.25
2023-08-13,215.80
2023-08-14,212.47
2023-08-15,204.00
2023-08-16,221.59
2023-08-17,209.74
2023-08-18,221.54
2023-08-19,207.94
2023-08-20,200.00
2023-08-21,200.00
2023-08-22,226.52
2023-08-23,259.94
2023-08-24,265.52
2023-08-25,301.30
2023-08-26,259.05
2023-08-27,269.39
2023-08-28,261.37
2023-08-29,225.88
2023-08-30,243.88
2023-08-31,252.30
2023-09-01,252.16
2023-09-02,250.98
2023-09-03,224.00
2023-09-04,207.18
2023-09-05,200.00
2023-09-06,205.39
2023-09-07,200.00
2023-09-08,222.07
2023-09-09,234.09
2023-09-10,229.15
2023-09-11,220.73
2023-09-12,228.90
2023-09-13,223.02
2023-09-14,200.00
2023-09-15,220.26
2023-09-16,200.89
2023-09-17,223.59
2023-09-18,200.00
2023-09-19,200.00
2023-09-20,219.03
2023-09-21,224.66
2023-09-22,215.08
2023-09-23,229.42
2023-09-24,236.08
2023-09-25,221.27
2023-09-26,225.74
2023-09-27,230.29
2023-09-28,220.20
2023-09-29,200.00
2023-09-30,225.64
2023-10-01,201.02
2023-10-02,206.41
2023-10-03,202.85
2023-10-04,200.00
2023-10-05,200.00
2023-10-06,200.92
2023-10-07,217.15
2023-10-08,227.57
2023-10-09,237.71
2023-10-10,216.39
2023-10-11,200.39
2023-10-12,203.59
2023-10-13,200.00
2023-10-14,226.73
2023-10-15,209.74
2023-10-16,234.23
2023-10-17,240.07
2023-10-18,267.88
2023-10-19,277.36
2023-10-20,238.80
2023-10-21,274.52
2023-10-22,296.76
2023-10-23,265.60
2023-10-24,236.12
2023-10-25,221.02
2023-10-26,231.09
2023-10-27,229.88
2023-10-28,218.81
2023-10-29,208.61
2023-10-30,200.00
2023-10-31,200.00
2023-11-01,215.13
2023-11-02,200.00
2023-11-03,200.00
2023-11-04,227.81
2023-11-05,239.80
2023-11-06,212.01
2023-11-07,200.00
2023-11-08,200.53
2023-11-09,221.78
2023-11-10,200.00
2023-11-11,200.00
2023-11-12,200.00
2023-11-13,200.00
2023-11-14,216.36
2023-11-15,200.00
2023-11-16,200.00
2023-11-17,200.00
2023-11-18,212.37
2023-11-19,200.00
2023-11-20,211.66
2023-11-21,231.20
2023-11-22,237.57
2023-11-23,270.28
2023-11-24,239.54
2023-11-25,205.81
2023-11-26,200.35
2023-11-27,222.36
2023-11-28,207.50
2023-11-29,200.00
2023-11-30,215.71
2023-12-01,207.84
2023-12-02,231.68
2023-12-03,221.18
2023-12-04,200.78
2023-12-05,200.00
2023-12-06,223.67
2023-12-07,218.62
2023-12-08,240.29
2023-12-09,258.42
2023-12-10,262.96
2023-12-11,277.98
2023-12-12,275.57
2023-12-13,272.76
2023-12-14,299.06
2023-12-15,343.61
2023-12-16,394.25
2023-12-17,393.60
2023-12-18,420.15
2023-12-19,467.31
2023-12-20,401.50
2023-12-21,441.64
2023-12-22,433.71
2023-12-23,377.42
2023-12-24,338.45
2023-12-25,386.14
2023-12-26,352.30
2023-12-27,300.81
2023-12-28,312.88
2023-12-29,310.54
2023-12-30,350.07
2023-12-31,359.00
2024-01-01,354.90
2024-01-02,343.89
2024-01-03,324.73
2024-01-04,329.60
2024-01-05,335.26
2024-01-06,340.31
2024-01-07,390.05
2024-01-08,401.05
2024-01-09,347.14
2024-01-10,327.51
2024-01-11,341.11
2024-01-12,335.13
2024-01-13,382.04
2024-01-14,332.60
2024-01-15,332.98
2024-01-16,319.07
2024-01-17,289.59
2024-01-18,327.23
2024-01-19,316.87
2024-01-20,304.18
2024-01-21,269.94
2024-01-22,299.23
2024-01-23,270.53
2024-01-24,234.10
2024-01-25,268.48
2024-01-26,263.37
2024-01-27,291.17
2024-01-28,250.58
2024-01-29,282.40
2024-01-30,299.75
2024-01-31,304.43
2024-02-01,282.90
2024-02-02,246.08
2024-02-03,231.94
2024-02-04,251.59
2024-02-05,230.38
2024-02-06,250.80
2024-02-07,229.62
2024-02-08,254.51
2024-02-09,276.18
2024-02-10,238.04
2024-02-11,229.00
2024-02-12,236.63
2024-02-13,269.30
2024-02-14,252.14
2024-02-15,237.47
2024-02-16,256.17
2024-02-17,244.44
2024-02-18,212.92
2024-02-19,227.98
2024-02-20,240.25
2024-02-21,245.82
2024-02-22,215.15
2024-02-23,200.00
2024-02-24,200.00
2024-02-25,200.00
2024-02-26,207.78
2024-02-27,237.49
2024-02-28,269.29
2024-02-29,277.80
2024-03-01,284.70
2024-03-02,244.82
2024-03-03,250.32
2024-03-04,249.60
2024-03-05,213.97
2024-03-06,200.00
2024-03-07,200.00
2024-03-08,200.00
2024-03-09,200.85
2024-03-10,200.00
2024-03-11,229.72
2024-03-12,236.06
2024-03-13,230.20
2024-03-14,259.39
2024-03-15,266.98
2024-03-16,242.44
2024-03-17,267.68
2024-03-18,288.01
2024-03-19,288.09
2024-03-20,260.39
2024-03-21,268.92
2024-03-22,284.07
2024-03-23,289.22
2024-03-24,291.53
2024-03-25,256.64
2024-03-26,233.71
2024-03-27,219.58
2024-03-28,216.94
2024-03-29,200.00
2024-03-30,200.00
2024-03-31,200.00
2024-04-01,200.00
2024-04-02,200.00
2024-04-03,224.47
2024-04-04,240.72
2024-04-05,231.38
2024-04-06,264.10
2024-04-07,270.74
2024-04-08,309.52
2024-04-09,344.85
2024-04-10,395.08
2024-04-11,390.64
2024-04-12,365.43
2024-04-13,324.27
2024-04-14,367.90
2024-04-15,346.62
2024-04-16,311.86
2024-04-17,333.10
2024-04-18,351.80
2024-04-19,320.36
2024-04-20,308.24
2024-04-21,276.48
2024-04-22,259.84
2024-04-23,267.60
2024-04-24,246.60
2024-04-25,242.81
2024-04-26,206.63
2024-04-27,213.19
2024-04-28,217.58
2024-04-29,200.00
2024-04-30,200.00
2024-05-01,200.00
2024-05-02,229.47
2024-05-03,254.27
2024-05-04,265.39
2024-05-05,285.60
2024-05-06,297.38
2024-05-07,254.28
2024-05-08,255.21
2024-05-09,236.62
2024-05-10,237.73
2024-05-11,232.39
2024-05-12,230.56
2024-05-13,214.80
2024-05-14,200.00
2024-05-15,205.86
2024-05-16,232.17
2024-05-17,237.93
2024-05-18,236.83
2024-05-19,261.18
2024-05-20,239.63
2024-05-21,228.95
2024-05-22,259.01
2024-05-23,252.61
2024-05-24,277.14
2024-05-25,283.52
2024-05-26,242.92
2024-05-27,237.92
2024-05-28,225.80
2024-05-29,253.46
2024-05-30,248.87
2024-05-31,259.35
2024-06-01,281.37
2024-06-02,254.16
2024-06-03,247.68
2024-06-04,235.99
2024-06-05,265.31
2024-06-06,282.05
2024-06-07,268.03
2024-06-08,296.93
2024-06-09,338.08
2024-06-10,289.78
2024-06-11,283.77
2024-06-12,260.08
2024-06-13,252.23
2024-06-14,235.13
2024-06-15,269.11
2024-06-16,258.46
2024-06-17,273.74
2024-06-18,291.87
2024-06-19,298.52
2024-06-20,310.03
2024-06-21,312.97
2024-06-22,344.64
2024-06-23,302.33
2024-06-24,258.79
2024-06-25,220.10
2024-06-26,222.87
2024-06-27,210.49
2024-06-28,200.00
2024-06-29,200.00
2024-06-30,200.00
2024-07-01,200.00
2024-07-02,200.00
2024-07-03,216.11
2024-07-04,200.00
2024-07-05,200.00
2024-07-06,217.39
2024-07-07,241.80
2024-07-08,258.98
2024-07-09,268.37
2024-07-10,268.42
2024-07-11,282.37
2024-07-12,322.36
2024-07-13,298.20
2024-07-14,296.36
2024-07-15,305.48
2024-07-16,262.07
2024-07-17,268.80
2024-07-18,300.59
2024-07-19,290.58
2024-07-20,265.64
2024-07-21,247.07
2024-07-22,213.57
2024-07-23,200.41
2024-07-24,205.16
2024-07-25,200.43
2024-07-26,200.00
2024-07-27,200.00
2024-07-28,206.89
2024-07-29,200.00
2024-07-30,203.84
2024-07-31,233.32
2024-08-01,247.83
2024-08-02,215.03
2024-08-03,200.00
2024-08-04,225.16
2024-08-05,204.26
2024-08-06,200.00
2024-08-07,200.00
2024-08-08,213.55
2024-08-09,218.05
2024-08-10,226.69
2024-08-11,232.09
2024-08-12,258.37
2024-08-13,225.58
2024-08-14,203.65
2024-08-15,200.00
2024-08-16,200.00
2024-08-17,210.33
2024-08-18,200.00
2024-08-19,200.00
2024-08-20,200.00
2024-08-21,211.42
2024-08-22,219.65
